/*
Class Trainers, Riding Trainer and Weapon Trainer made by Fullhouser
*/

REPLACE INTO `creature_template` (entry,modelid1,name,subname,minlevel,maxlevel,faction,npcflag,scale,unit_class,type) VALUES
(900000,24036,'Warrior Trainer','Server Trainer',80,80,35,51,2,2,7),
(900001,24032,'Paladin Trainer','Server Trainer',80,80,35,51,2,2,7),
(900002,24030,'Hunter Trainer','Server Trainer',80,80,35,51,2,2,7),
(900003,23777,'Rogue Trainer','Server Trainer',80,80,35,51,2,2,7),
(900004,24033,'Priest Trainer','Server Trainer',80,80,35,51,2,2,7),
(900005,28516,'Death Knight Trainer','Server Trainer',80,80,35,51,2,2,7),
(900006,24034,'Shaman Trainer','Server Trainer',80,80,35,51,2,2,7),
(900007,24031,'Mage Trainer','Server Trainer',80,80,35,51,2,2,7),
(900008,24035,'Warlock Trainer','Server Trainer',80,80,35,51,2,2,7),
(900009,24029,'Druid Trainer','Server Trainer',80,80,35,51,2,2,7);

REPLACE INTO trainer (id, type, requirement, greeting) VALUES
(900000, 0, 1, "Hello, Warrior!  Ready for some training?"),
(900001, 0, 2, "Hello, Paladin!  Ready for some training?"),
(900002, 0, 3, "Hello, Hunter!  Ready for some training?"),
(900003, 0, 4, "Hello, Rogue!  Ready for some training?"),
(900004, 0, 5, "Hello, Priest!  Ready for some training?"),
(900005, 0, 6, "Hello, Death Knight!  Ready for some training?"),
(900006, 0, 7, "Hello, Shaman!  Ready for some training?"),
(900007, 0, 8, "Hello, Mage!  Ready for some training?"),
(900008, 0, 9, "Hello, Warlock!  Ready for some training?"),
(900009, 0, 11, "Hello, Druid!  Ready for some training?");

REPLACE INTO creature_default_trainer (creatureid, trainerid) VALUES
(900000, 900000),
(900001, 900001),
(900002, 900002),
(900003, 900003),
(900004, 900004),
(900005, 900005),
(900006, 900006),
(900007, 900007),
(900008, 900008),
(900009, 900009);

REPLACE INTO trainer_spell (trainerid, spellid, moneycost, reqskillline, reqskillrank, reqability1, reqability2, reqability3, reqlevel, verifiedbuild) VALUES

(900000, 72, 1000, 0, 0, 0, 0, 0, 12, 0),
(900000, 100, 100, 0, 0, 0, 0, 0, 4, 0),
(900000, 284, 200, 0, 0, 78, 0, 0, 8, 0),
(900000, 285, 2000, 0, 0, 284, 0, 0, 16, 0),
(900000, 469, 65000, 0, 0, 0, 0, 0, 68, 0),
(900000, 674, 4000, 0, 0, 0, 0, 0, 20, 0),
(900000, 676, 3000, 0, 0, 0, 0, 0, 18, 0),
(900000, 694, 2000, 0, 0, 0, 0, 0, 16, 0),
(900000, 750, 22000, 0, 0, 0, 0, 0, 40, 0),
(900000, 772, 100, 0, 0, 0, 0, 0, 4, 0),
(900000, 845, 4000, 0, 0, 0, 0, 0, 20, 0),
(900000, 871, 11000, 0, 0, 0, 0, 0, 28, 0),
(900000, 1160, 1500, 0, 0, 0, 0, 0, 14, 0),
(900000, 1161, 10000, 0, 0, 0, 0, 0, 26, 0),
(900000, 1464, 12000, 0, 0, 0, 0, 0, 30, 0),
(900000, 1608, 8000, 0, 0, 285, 0, 0, 24, 0),
(900000, 1680, 18000, 0, 0, 0, 0, 0, 36, 0),
(900000, 1715, 200, 0, 0, 0, 0, 0, 8, 0),
(900000, 1719, 42000, 0, 0, 0, 0, 0, 50, 0),
(900000, 2048, 71000, 0, 0, 25289, 0, 0, 69, 0),
(900000, 2565, 2000, 0, 0, 0, 0, 0, 16, 0),
(900000, 2687, 600, 0, 0, 0, 0, 0, 10, 0),
(900000, 3127, 100, 0, 0, 0, 0, 0, 6, 0),
(900000, 3411, 65000, 0, 0, 0, 0, 0, 70, 0),
(900000, 5242, 1000, 0, 0, 6673, 0, 0, 12, 0),
(900000, 5246, 6000, 0, 0, 0, 0, 0, 22, 0),
(900000, 5308, 8000, 0, 0, 0, 0, 0, 24, 0),
(900000, 6178, 10000, 0, 0, 100, 0, 0, 26, 0),
(900000, 6190, 8000, 0, 0, 1160, 0, 0, 24, 0),
(900000, 6192, 6000, 0, 0, 5242, 0, 0, 22, 0),
(900000, 6343, 100, 0, 0, 0, 0, 0, 6, 0),
(900000, 6546, 600, 0, 0, 772, 0, 0, 10, 0),
(900000, 6547, 4000, 0, 0, 6546, 0, 0, 20, 0),
(900000, 6548, 12000, 0, 0, 6547, 0, 0, 30, 0),
(900000, 6552, 20000, 0, 0, 0, 0, 0, 38, 0),
(900000, 6572, 1500, 0, 0, 0, 0, 0, 14, 0),
(900000, 6574, 8000, 0, 0, 6572, 0, 0, 24, 0),
(900000, 6673, 10, 0, 0, 0, 0, 0, 1, 0),
(900000, 7369, 12000, 0, 0, 845, 0, 0, 30, 0),
(900000, 7379, 16000, 0, 0, 6574, 0, 0, 34, 0),
(900000, 7384, 1000, 0, 0, 0, 0, 0, 12, 0),
(900000, 8198, 3000, 0, 0, 6343, 0, 0, 18, 0),
(900000, 8204, 11000, 0, 0, 8198, 0, 0, 28, 0),
(900000, 8205, 20000, 0, 0, 8204, 0, 0, 38, 0),
(900000, 8820, 20000, 0, 0, 1464, 0, 0, 38, 0),
(900000, 11549, 14000, 0, 0, 6192, 0, 0, 32, 0),
(900000, 11550, 32000, 0, 0, 11549, 0, 0, 42, 0),
(900000, 11551, 54000, 0, 0, 11550, 0, 0, 52, 0),
(900000, 11554, 16000, 0, 0, 6190, 0, 0, 34, 0),
(900000, 11555, 34000, 0, 0, 11554, 0, 0, 44, 0),
(900000, 11556, 56000, 0, 0, 11555, 0, 0, 54, 0),
(900000, 11564, 14000, 0, 0, 1608, 0, 0, 32, 0),
(900000, 11565, 22000, 0, 0, 11564, 0, 0, 40, 0),
(900000, 11566, 40000, 0, 0, 11565, 0, 0, 48, 0),
(900000, 11567, 58000, 0, 0, 11566, 0, 0, 56, 0),
(900000, 11572, 22000, 0, 0, 6548, 0, 0, 40, 0),
(900000, 11573, 42000, 0, 0, 11572, 0, 0, 50, 0),
(900000, 11574, 62000, 0, 0, 11573, 0, 0, 60, 0),
(900000, 11578, 36000, 0, 0, 6178, 0, 0, 46, 0),
(900000, 11580, 40000, 0, 0, 8205, 0, 0, 48, 0),
(900000, 11581, 60000, 0, 0, 11580, 0, 0, 58, 0),
(900000, 11600, 34000, 0, 0, 7379, 0, 0, 44, 0),
(900000, 11601, 56000, 0, 0, 11600, 0, 0, 54, 0),
(900000, 11604, 36000, 0, 0, 8820, 0, 0, 46, 0),
(900000, 11605, 56000, 0, 0, 11604, 0, 0, 54, 0),
(900000, 11608, 22000, 0, 0, 7369, 0, 0, 40, 0),
(900000, 11609, 42000, 0, 0, 11608, 0, 0, 50, 0),
(900000, 12678, 4000, 0, 0, 0, 0, 0, 20, 0),
(900000, 18499, 14000, 0, 0, 0, 0, 0, 32, 0),
(900000, 20230, 4000, 0, 0, 0, 0, 0, 20, 0),
(900000, 20252, 12000, 0, 0, 0, 0, 0, 30, 0),
(900000, 20569, 62000, 0, 0, 11609, 0, 0, 60, 0),
(900000, 20658, 14000, 0, 0, 5308, 0, 0, 32, 0),
(900000, 20660, 22000, 0, 0, 20658, 0, 0, 40, 0),
(900000, 20661, 40000, 0, 0, 20660, 0, 0, 48, 0),
(900000, 20662, 58000, 0, 0, 20661, 0, 0, 56, 0),
(900000, 21551, 2000, 0, 0, 12294, 0, 0, 48, 0),
(900000, 21552, 2800, 0, 0, 21551, 0, 0, 54, 0),
(900000, 21553, 3100, 0, 0, 21552, 0, 0, 60, 0),
(900000, 23920, 65000, 0, 0, 0, 0, 0, 64, 0),
(900000, 23922, 22000, 0, 0, 0, 0, 0, 40, 0),
(900000, 23923, 40000, 0, 0, 23922, 0, 0, 48, 0),
(900000, 23924, 56000, 0, 0, 23923, 0, 0, 54, 0),
(900000, 23925, 62000, 0, 0, 23924, 0, 0, 60, 0),
(900000, 25202, 65000, 0, 0, 11556, 0, 0, 62, 0),
(900000, 25203, 71000, 0, 0, 25202, 0, 0, 70, 0),
(900000, 25208, 65000, 0, 0, 11574, 0, 0, 68, 0),
(900000, 25231, 65000, 0, 0, 20569, 0, 0, 68, 0),
(900000, 25234, 65000, 0, 0, 20662, 0, 0, 65, 0),
(900000, 25236, 71000, 0, 0, 25234, 0, 0, 70, 0),
(900000, 25241, 65000, 0, 0, 11605, 0, 0, 61, 0),
(900000, 25242, 71000, 0, 0, 25241, 0, 0, 69, 0),
(900000, 25248, 3250, 0, 0, 21553, 0, 0, 66, 0),
(900000, 25258, 65000, 0, 0, 23925, 0, 0, 66, 0),
(900000, 25264, 65000, 0, 0, 11581, 0, 0, 67, 0),
(900000, 25269, 65000, 0, 0, 25288, 0, 0, 63, 0),
(900000, 25286, 60000, 0, 0, 11567, 0, 0, 60, 0),
(900000, 25288, 60000, 0, 0, 11601, 0, 0, 60, 0),
(900000, 25289, 65000, 0, 0, 11551, 0, 0, 60, 0),
(900000, 29707, 65000, 0, 0, 25286, 0, 0, 66, 0),
(900000, 30016, 3100, 0, 0, 20243, 0, 0, 60, 0),
(900000, 30022, 3250, 0, 0, 30016, 0, 0, 70, 0),
(900000, 30324, 100000, 0, 0, 29707, 0, 0, 70, 0),
(900000, 30330, 3500, 0, 0, 25248, 0, 0, 70, 0),
(900000, 30356, 71000, 0, 0, 25258, 0, 0, 70, 0),
(900000, 30357, 260000, 0, 0, 25269, 0, 0, 70, 0),
(900000, 34428, 100, 0, 0, 0, 0, 0, 6, 0),
(900000, 46845, 260000, 0, 0, 25208, 0, 0, 71, 0),
(900000, 47436, 260000, 0, 0, 2048, 0, 0, 78, 0),
(900000, 47437, 260000, 0, 0, 25203, 0, 0, 79, 0),
(900000, 47439, 100000, 0, 0, 469, 0, 0, 74, 0),
(900000, 47440, 260000, 0, 0, 47439, 0, 0, 80, 0),
(900000, 47449, 260000, 0, 0, 30324, 0, 0, 72, 0),
(900000, 47450, 260000, 0, 0, 47449, 0, 0, 76, 0),
(900000, 47465, 260000, 0, 0, 46845, 0, 0, 76, 0),
(900000, 47470, 260000, 0, 0, 25236, 0, 0, 73, 0),
(900000, 47471, 260000, 0, 0, 47470, 0, 0, 80, 0),
(900000, 47474, 260000, 0, 0, 25242, 0, 0, 74, 0),
(900000, 47475, 260000, 0, 0, 47474, 0, 0, 79, 0),
(900000, 47485, 13000, 0, 0, 30330, 0, 0, 75, 0),
(900000, 47486, 13000, 0, 0, 47485, 0, 0, 80, 0),
(900000, 47487, 260000, 0, 0, 30356, 0, 0, 75, 0),
(900000, 47488, 260000, 0, 0, 47487, 0, 0, 80, 0),
(900000, 47497, 5000, 0, 0, 30022, 0, 0, 75, 0),
(900000, 47498, 5000, 0, 0, 47497, 0, 0, 80, 0),
(900000, 47501, 260000, 0, 0, 25264, 0, 0, 73, 0),
(900000, 47502, 26000, 0, 0, 47501, 0, 0, 78, 0),
(900000, 47519, 260000, 0, 0, 25231, 0, 0, 72, 0),
(900000, 47520, 260000, 0, 0, 47519, 0, 0, 77, 0),
(900000, 55694, 100000, 0, 0, 0, 0, 0, 75, 0),
(900000, 57755, 100000, 0, 0, 0, 0, 0, 80, 0),
(900000, 57823, 260000, 0, 0, 30357, 0, 0, 80, 0),
(900000, 64382, 260000, 0, 0, 0, 0, 0, 71, 0),
(900000, 100, 100, 0, 0, 0, 0, 0, 4, 0),
(900000, 772, 100, 0, 0, 0, 0, 0, 4, 0),
(900000, 3127, 100, 0, 0, 0, 0, 0, 6, 0),
(900000, 6343, 100, 0, 0, 0, 0, 0, 6, 0),
(900000, 6673, 10, 0, 0, 0, 0, 0, 1, 0),
(900000, 34428, 100, 0, 0, 0, 0, 0, 6, 0),


(900001, 465, 10, 0, 0, 0, 0, 0, 1, 0),
(900001, 498, 100, 0, 0, 0, 0, 0, 6, 0),
(900001, 633, 300, 0, 0, 0, 0, 0, 10, 0),
(900001, 639, 100, 0, 0, 635, 0, 0, 6, 0),
(900001, 642, 13000, 0, 0, 0, 0, 0, 34, 0),
(900001, 643, 4000, 0, 0, 10290, 0, 0, 20, 0),
(900001, 647, 2000, 0, 0, 639, 0, 0, 14, 0),
(900001, 750, 20000, 0, 0, 0, 0, 0, 40, 0),
(900001, 853, 100, 0, 0, 0, 0, 0, 8, 0),
(900001, 879, 4000, 0, 0, 0, 0, 0, 20, 0),
(900001, 1022, 300, 0, 0, 0, 0, 0, 10, 0),
(900001, 1026, 4000, 0, 0, 647, 0, 0, 22, 0),
(900001, 1032, 20000, 0, 0, 10291, 0, 0, 40, 0),
(900001, 1038, 6000, 0, 0, 0, 0, 0, 26, 0),
(900001, 1042, 11000, 0, 0, 1026, 0, 0, 30, 0),
(900001, 1044, 3500, 0, 0, 0, 0, 0, 18, 0),
(900001, 1152, 100, 0, 0, 0, 0, 0, 8, 0),
(900001, 2800, 11000, 0, 0, 633, 0, 0, 30, 0),
(900001, 2812, 28000, 0, 0, 0, 0, 0, 50, 0),
(900001, 3127, 100, 0, 0, 0, 0, 0, 8, 0),
(900001, 3472, 16000, 0, 0, 1042, 0, 0, 38, 0),
(900001, 4987, 21000, 0, 0, 0, 0, 0, 42, 0),
(900001, 5502, 4000, 0, 0, 0, 0, 0, 20, 0),
(900001, 5588, 5000, 0, 0, 853, 0, 0, 24, 0),
(900001, 5589, 20000, 0, 0, 5588, 0, 0, 40, 0),
(900001, 5599, 5000, 0, 0, 1022, 0, 0, 24, 0),
(900001, 5614, 9000, 0, 0, 879, 0, 0, 28, 0),
(900001, 5615, 14000, 0, 0, 5614, 0, 0, 36, 0),
(900001, 6940, 24000, 0, 0, 0, 0, 0, 46, 0),
(900001, 7294, 3000, 0, 0, 0, 0, 0, 16, 0),
(900001, 10278, 16000, 0, 0, 5599, 0, 0, 38, 0),
(900001, 10290, 300, 0, 0, 465, 0, 0, 10, 0),
(900001, 10291, 11000, 0, 0, 643, 0, 0, 30, 0),
(900001, 10292, 28000, 0, 0, 1032, 0, 0, 50, 0),
(900001, 10293, 46000, 0, 0, 10292, 0, 0, 60, 0),
(900001, 10298, 6000, 0, 0, 7294, 0, 0, 26, 0),
(900001, 10299, 14000, 0, 0, 10298, 0, 0, 36, 0),
(900001, 10300, 24000, 0, 0, 10299, 0, 0, 46, 0),
(900001, 10301, 42000, 0, 0, 10300, 0, 0, 56, 0),
(900001, 10308, 40000, 0, 0, 5589, 0, 0, 54, 0),
(900001, 10310, 28000, 0, 0, 2800, 0, 0, 50, 0),
(900001, 10312, 22000, 0, 0, 5615, 0, 0, 44, 0),
(900001, 10313, 34000, 0, 0, 10312, 0, 0, 52, 0),
(900001, 10314, 46000, 0, 0, 10313, 0, 0, 60, 0),
(900001, 10318, 46000, 0, 0, 2812, 0, 0, 60, 0),
(900001, 10322, 5000, 0, 0, 7328, 0, 0, 24, 0),
(900001, 10324, 14000, 0, 0, 10322, 0, 0, 36, 0),
(900001, 10326, 5000, 0, 0, 0, 0, 0, 24, 0),
(900001, 10328, 24000, 0, 0, 3472, 0, 0, 46, 0),
(900001, 10329, 40000, 0, 0, 10328, 0, 0, 54, 0),
(900001, 13820, 3500, 0, 0, 0, 0, 0, 20, 0),
(900001, 19740, 100, 0, 0, 0, 0, 0, 4, 0),
(900001, 19742, 2000, 0, 0, 0, 0, 0, 14, 0),
(900001, 19746, 4000, 0, 0, 0, 0, 0, 22, 0),
(900001, 19750, 4000, 0, 0, 0, 0, 0, 20, 0),
(900001, 19752, 11000, 0, 0, 0, 0, 0, 30, 0),
(900001, 19834, 1000, 0, 0, 19740, 0, 0, 12, 0),
(900001, 19835, 4000, 0, 0, 19834, 0, 0, 22, 0),
(900001, 19836, 12000, 0, 0, 19835, 0, 0, 32, 0),
(900001, 19837, 21000, 0, 0, 19836, 0, 0, 42, 0),
(900001, 19838, 34000, 0, 0, 19837, 0, 0, 52, 0),
(900001, 19850, 5000, 0, 0, 19742, 0, 0, 24, 0),
(900001, 19852, 13000, 0, 0, 19850, 0, 0, 34, 0),
(900001, 19853, 22000, 0, 0, 19852, 0, 0, 44, 0),
(900001, 19854, 40000, 0, 0, 19853, 0, 0, 54, 0),
(900001, 19876, 9000, 0, 0, 0, 0, 0, 28, 0),
(900001, 19888, 12000, 0, 0, 0, 0, 0, 32, 0),
(900001, 19891, 14000, 0, 0, 0, 0, 0, 36, 0),
(900001, 19895, 20000, 0, 0, 19876, 0, 0, 40, 0),
(900001, 19896, 34000, 0, 0, 19895, 0, 0, 52, 0),
(900001, 19897, 22000, 0, 0, 19888, 0, 0, 44, 0),
(900001, 19898, 42000, 0, 0, 19897, 0, 0, 56, 0),
(900001, 19899, 26000, 0, 0, 19891, 0, 0, 48, 0),
(900001, 19900, 46000, 0, 0, 19899, 0, 0, 60, 0),
(900001, 19939, 6000, 0, 0, 19750, 0, 0, 26, 0),
(900001, 19940, 13000, 0, 0, 19939, 0, 0, 34, 0),
(900001, 19941, 21000, 0, 0, 19940, 0, 0, 42, 0),
(900001, 19942, 28000, 0, 0, 19941, 0, 0, 50, 0),
(900001, 19943, 44000, 0, 0, 19942, 0, 0, 58, 0),
(900001, 20116, 11000, 0, 0, 26573, 0, 0, 30, 0),
(900001, 20164, 4000, 0, 0, 0, 0, 0, 22, 0),
(900001, 20165, 11000, 0, 0, 0, 0, 0, 30, 0),
(900001, 20166, 16000, 0, 0, 0, 0, 0, 38, 0),
(900001, 20217, 4000, 0, 0, 0, 0, 0, 20, 0),
(900001, 20271, 100, 0, 0, 0, 0, 0, 4, 0),
(900001, 20772, 26000, 0, 0, 10324, 0, 0, 48, 0),
(900001, 20773, 46000, 0, 0, 20772, 0, 0, 60, 0),
(900001, 20922, 20000, 0, 0, 20116, 0, 0, 40, 0),
(900001, 20923, 28000, 0, 0, 20922, 0, 0, 50, 0),
(900001, 20924, 46000, 0, 0, 20923, 0, 0, 60, 0),
(900001, 20927, 1400, 0, 0, 20925, 0, 0, 50, 0),
(900001, 20928, 2300, 0, 0, 20927, 0, 0, 60, 0),
(900001, 20929, 1300, 0, 0, 20473, 0, 0, 48, 0),
(900001, 20930, 2100, 0, 0, 20929, 0, 0, 56, 0),
(900001, 23214, 3500, 0, 0, 13819, 33391, 0, 40, 0),
(900001, 24239, 46000, 0, 0, 24274, 0, 0, 60, 0),
(900001, 24274, 34000, 0, 0, 24275, 0, 0, 52, 0),
(900001, 24275, 22000, 0, 0, 0, 0, 0, 44, 0),
(900001, 25290, 50000, 0, 0, 19854, 0, 0, 60, 0),
(900001, 25291, 50000, 0, 0, 19838, 0, 0, 60, 0),
(900001, 25292, 46000, 0, 0, 10329, 0, 0, 60, 0),
(900001, 25780, 3000, 0, 0, 0, 0, 0, 16, 0),
(900001, 25782, 46000, 0, 0, 19838, 0, 0, 52, 0),
(900001, 25894, 46000, 0, 0, 19854, 0, 0, 54, 0),
(900001, 25898, 2300, 0, 0, 0, 0, 0, 60, 0),
(900001, 25899, 2300, 0, 0, 20911, 0, 0, 60, 0),
(900001, 25916, 46000, 0, 0, 25782, 25291, 0, 60, 0),
(900001, 25918, 46000, 0, 0, 25894, 25290, 0, 60, 0),
(900001, 26573, 4000, 0, 0, 0, 0, 0, 20, 0),
(900001, 27135, 55000, 0, 0, 25292, 0, 0, 62, 0),
(900001, 27136, 130000, 0, 0, 27135, 0, 0, 70, 0),
(900001, 27137, 83000, 0, 0, 19943, 0, 0, 66, 0),
(900001, 27138, 100000, 0, 0, 10314, 0, 0, 68, 0),
(900001, 27139, 110000, 0, 0, 10318, 0, 0, 69, 0),
(900001, 27140, 200000, 0, 0, 25291, 0, 0, 70, 0),
(900001, 27141, 100000, 0, 0, 25916, 27140, 0, 70, 0),
(900001, 27142, 75000, 0, 0, 25290, 0, 0, 65, 0),
(900001, 27143, 75000, 0, 0, 25918, 27142, 0, 65, 0),
(900001, 27149, 130000, 0, 0, 10293, 0, 0, 70, 0),
(900001, 27150, 83000, 0, 0, 10301, 0, 0, 66, 0),
(900001, 27151, 61000, 0, 0, 19896, 0, 0, 63, 0),
(900001, 27152, 100000, 0, 0, 19898, 0, 0, 68, 0),
(900001, 27153, 130000, 0, 0, 19900, 0, 0, 70, 0),
(900001, 27154, 110000, 0, 0, 10310, 0, 0, 69, 0),
(900001, 27173, 130000, 0, 0, 20924, 0, 0, 70, 0),
(900001, 27174, 3348, 0, 0, 20930, 0, 0, 64, 0),
(900001, 27179, 6500, 0, 0, 20928, 0, 0, 70, 0),
(900001, 27180, 100000, 0, 0, 24239, 0, 0, 68, 0),
(900001, 31789, 4000, 0, 0, 0, 0, 0, 14, 0),
(900001, 31801, 67000, 0, 0, 0, 0, 0, 64, 0),
(900001, 31884, 130000, 0, 0, 0, 0, 0, 70, 0),
(900001, 32223, 55000, 0, 0, 0, 0, 0, 62, 0),
(900001, 32699, 2300, 0, 0, 31935, 0, 0, 60, 0),
(900001, 32700, 5000, 0, 0, 32699, 0, 0, 70, 0),
(900001, 33072, 6500, 0, 0, 27174, 0, 0, 70, 0),
(900001, 48781, 200000, 0, 0, 27136, 0, 0, 75, 0),
(900001, 48782, 200000, 0, 0, 48781, 0, 0, 80, 0),
(900001, 48784, 200000, 0, 0, 27137, 0, 0, 74, 0),
(900001, 48785, 200000, 0, 0, 48784, 0, 0, 79, 0),
(900001, 48788, 200000, 0, 0, 27154, 0, 0, 78, 0),
(900001, 48800, 200000, 0, 0, 27138, 0, 0, 73, 0),
(900001, 48801, 200000, 0, 0, 48800, 0, 0, 79, 0),
(900001, 48805, 200000, 0, 0, 27180, 0, 0, 74, 0),
(900001, 48806, 200000, 0, 0, 48805, 0, 0, 80, 0),
(900001, 48816, 200000, 0, 0, 27139, 0, 0, 72, 0),
(900001, 48817, 200000, 0, 0, 48816, 0, 0, 78, 0),
(900001, 48818, 200000, 0, 0, 27173, 0, 0, 75, 0),
(900001, 48819, 200000, 0, 0, 48818, 0, 0, 80, 0),
(900001, 48824, 10000, 0, 0, 33072, 0, 0, 75, 0),
(900001, 48825, 10000, 0, 0, 48824, 0, 0, 80, 0),
(900001, 48826, 10000, 0, 0, 32700, 0, 0, 75, 0),
(900001, 48827, 10000, 0, 0, 48826, 0, 0, 80, 0),
(900001, 48931, 200000, 0, 0, 27140, 0, 0, 73, 0),
(900001, 48932, 200000, 0, 0, 48931, 0, 0, 79, 0),
(900001, 48933, 200000, 0, 0, 27141, 48931, 0, 73, 0),
(900001, 48934, 200000, 0, 0, 48933, 48932, 0, 79, 0),
(900001, 48935, 200000, 0, 0, 27142, 0, 0, 71, 0),
(900001, 48936, 200000, 0, 0, 48935, 0, 0, 77, 0),
(900001, 48937, 200000, 0, 0, 27143, 48935, 0, 71, 0),
(900001, 48938, 200000, 0, 0, 48937, 48936, 0, 77, 0),
(900001, 48941, 200000, 0, 0, 27149, 0, 0, 74, 0),
(900001, 48942, 200000, 0, 0, 48941, 0, 0, 79, 0),
(900001, 48943, 200000, 0, 0, 27151, 0, 0, 76, 0),
(900001, 48945, 200000, 0, 0, 27152, 0, 0, 77, 0),
(900001, 48947, 200000, 0, 0, 27153, 0, 0, 78, 0),
(900001, 48949, 200000, 0, 0, 20773, 0, 0, 72, 0),
(900001, 48950, 200000, 0, 0, 48949, 0, 0, 79, 0),
(900001, 48951, 10000, 0, 0, 27179, 0, 0, 75, 0),
(900001, 48952, 10000, 0, 0, 48951, 0, 0, 80, 0),
(900001, 53407, 9000, 0, 0, 0, 0, 0, 28, 0),
(900001, 53408, 1000, 0, 0, 0, 0, 0, 12, 0),
(900001, 53600, 200000, 0, 0, 0, 0, 0, 75, 0),
(900001, 53601, 100000, 0, 0, 0, 0, 0, 80, 0),
(900001, 54043, 200000, 0, 0, 27150, 0, 0, 76, 0),
(900001, 54428, 100000, 0, 0, 0, 0, 0, 71, 0),
(900001, 61411, 200000, 0, 0, 53600, 0, 0, 80, 0),
(900001, 62124, 3000, 0, 0, 0, 0, 0, 16, 0),
(900001, 465, 10, 0, 0, 0, 0, 0, 1, 0),
(900001, 498, 100, 0, 0, 0, 0, 0, 6, 0),
(900001, 633, 300, 0, 0, 0, 0, 0, 10, 0),
(900001, 639, 100, 0, 0, 635, 0, 0, 6, 0),
(900001, 642, 13000, 0, 0, 0, 0, 0, 34, 0),
(900001, 643, 4000, 0, 0, 10290, 0, 0, 20, 0),
(900001, 647, 2000, 0, 0, 639, 0, 0, 14, 0),
(900001, 750, 20000, 0, 0, 0, 0, 0, 40, 0),
(900001, 853, 100, 0, 0, 0, 0, 0, 8, 0),
(900001, 879, 4000, 0, 0, 0, 0, 0, 20, 0),
(900001, 1022, 300, 0, 0, 0, 0, 0, 10, 0),
(900001, 1026, 4000, 0, 0, 647, 0, 0, 22, 0),
(900001, 1032, 20000, 0, 0, 10291, 0, 0, 40, 0),
(900001, 1038, 6000, 0, 0, 0, 0, 0, 26, 0),
(900001, 1042, 11000, 0, 0, 1026, 0, 0, 30, 0),
(900001, 1044, 3500, 0, 0, 0, 0, 0, 18, 0),
(900001, 1152, 100, 0, 0, 0, 0, 0, 8, 0),
(900001, 2800, 11000, 0, 0, 633, 0, 0, 30, 0),
(900001, 2812, 28000, 0, 0, 0, 0, 0, 50, 0),
(900001, 3127, 100, 0, 0, 0, 0, 0, 8, 0),
(900001, 3472, 16000, 0, 0, 1042, 0, 0, 38, 0),
(900001, 4987, 21000, 0, 0, 0, 0, 0, 42, 0),
(900001, 5502, 4000, 0, 0, 0, 0, 0, 20, 0),
(900001, 5588, 5000, 0, 0, 853, 0, 0, 24, 0),
(900001, 5589, 20000, 0, 0, 5588, 0, 0, 40, 0),
(900001, 5599, 5000, 0, 0, 1022, 0, 0, 24, 0),
(900001, 5614, 9000, 0, 0, 879, 0, 0, 28, 0),
(900001, 5615, 14000, 0, 0, 5614, 0, 0, 36, 0),
(900001, 6940, 24000, 0, 0, 0, 0, 0, 46, 0),
(900001, 7294, 3000, 0, 0, 0, 0, 0, 16, 0),
(900001, 10278, 16000, 0, 0, 5599, 0, 0, 38, 0),
(900001, 10290, 300, 0, 0, 465, 0, 0, 10, 0),
(900001, 10291, 11000, 0, 0, 643, 0, 0, 30, 0),
(900001, 10292, 28000, 0, 0, 1032, 0, 0, 50, 0),
(900001, 10293, 46000, 0, 0, 10292, 0, 0, 60, 0),
(900001, 10298, 6000, 0, 0, 7294, 0, 0, 26, 0),
(900001, 10299, 14000, 0, 0, 10298, 0, 0, 36, 0),
(900001, 10300, 24000, 0, 0, 10299, 0, 0, 46, 0),
(900001, 10301, 42000, 0, 0, 10300, 0, 0, 56, 0),
(900001, 10308, 40000, 0, 0, 5589, 0, 0, 54, 0),
(900001, 10310, 28000, 0, 0, 2800, 0, 0, 50, 0),
(900001, 10312, 22000, 0, 0, 5615, 0, 0, 44, 0),
(900001, 10313, 34000, 0, 0, 10312, 0, 0, 52, 0),
(900001, 10314, 46000, 0, 0, 10313, 0, 0, 60, 0),
(900001, 10318, 46000, 0, 0, 2812, 0, 0, 60, 0),
(900001, 10322, 5000, 0, 0, 7328, 0, 0, 24, 0),
(900001, 10324, 14000, 0, 0, 10322, 0, 0, 36, 0),
(900001, 10326, 5000, 0, 0, 0, 0, 0, 24, 0),
(900001, 10328, 24000, 0, 0, 3472, 0, 0, 46, 0),
(900001, 10329, 40000, 0, 0, 10328, 0, 0, 54, 0),
(900001, 19740, 100, 0, 0, 0, 0, 0, 4, 0),
(900001, 19742, 2000, 0, 0, 0, 0, 0, 14, 0),
(900001, 19746, 4000, 0, 0, 0, 0, 0, 22, 0),
(900001, 19750, 4000, 0, 0, 0, 0, 0, 20, 0),
(900001, 19752, 11000, 0, 0, 0, 0, 0, 30, 0),
(900001, 19834, 1000, 0, 0, 19740, 0, 0, 12, 0),
(900001, 19835, 4000, 0, 0, 19834, 0, 0, 22, 0),
(900001, 19836, 12000, 0, 0, 19835, 0, 0, 32, 0),
(900001, 19837, 21000, 0, 0, 19836, 0, 0, 42, 0),
(900001, 19838, 34000, 0, 0, 19837, 0, 0, 52, 0),
(900001, 19850, 5000, 0, 0, 19742, 0, 0, 24, 0),
(900001, 19852, 13000, 0, 0, 19850, 0, 0, 34, 0),
(900001, 19853, 22000, 0, 0, 19852, 0, 0, 44, 0),
(900001, 19854, 40000, 0, 0, 19853, 0, 0, 54, 0),
(900001, 19876, 9000, 0, 0, 0, 0, 0, 28, 0),
(900001, 19888, 12000, 0, 0, 0, 0, 0, 32, 0),
(900001, 19891, 14000, 0, 0, 0, 0, 0, 36, 0),
(900001, 19895, 20000, 0, 0, 19876, 0, 0, 40, 0),
(900001, 19896, 34000, 0, 0, 19895, 0, 0, 52, 0),
(900001, 19897, 22000, 0, 0, 19888, 0, 0, 44, 0),
(900001, 19898, 42000, 0, 0, 19897, 0, 0, 56, 0),
(900001, 19899, 26000, 0, 0, 19891, 0, 0, 48, 0),
(900001, 19900, 46000, 0, 0, 19899, 0, 0, 60, 0),
(900001, 19939, 6000, 0, 0, 19750, 0, 0, 26, 0),
(900001, 19940, 13000, 0, 0, 19939, 0, 0, 34, 0),
(900001, 19941, 21000, 0, 0, 19940, 0, 0, 42, 0),
(900001, 19942, 28000, 0, 0, 19941, 0, 0, 50, 0),
(900001, 19943, 44000, 0, 0, 19942, 0, 0, 58, 0),
(900001, 20116, 11000, 0, 0, 26573, 0, 0, 30, 0),
(900001, 20164, 4000, 0, 0, 0, 0, 0, 22, 0),
(900001, 20165, 11000, 0, 0, 0, 0, 0, 30, 0),
(900001, 20166, 16000, 0, 0, 0, 0, 0, 38, 0),
(900001, 20217, 4000, 0, 0, 0, 0, 0, 20, 0),
(900001, 20271, 100, 0, 0, 0, 0, 0, 4, 0),
(900001, 20772, 26000, 0, 0, 10324, 0, 0, 48, 0),
(900001, 20773, 46000, 0, 0, 20772, 0, 0, 60, 0),
(900001, 20922, 20000, 0, 0, 20116, 0, 0, 40, 0),
(900001, 20923, 28000, 0, 0, 20922, 0, 0, 50, 0),
(900001, 20924, 46000, 0, 0, 20923, 0, 0, 60, 0),
(900001, 20927, 1400, 0, 0, 20925, 0, 0, 50, 0),
(900001, 20928, 2300, 0, 0, 20927, 0, 0, 60, 0),
(900001, 20929, 1300, 0, 0, 20473, 0, 0, 48, 0),
(900001, 20930, 2100, 0, 0, 20929, 0, 0, 56, 0),
(900001, 24239, 46000, 0, 0, 24274, 0, 0, 60, 0),
(900001, 24274, 34000, 0, 0, 24275, 0, 0, 52, 0),
(900001, 24275, 22000, 0, 0, 0, 0, 0, 44, 0),
(900001, 25290, 50000, 0, 0, 19854, 0, 0, 60, 0),
(900001, 25291, 50000, 0, 0, 19838, 0, 0, 60, 0),
(900001, 25292, 46000, 0, 0, 10329, 0, 0, 60, 0),
(900001, 25780, 3000, 0, 0, 0, 0, 0, 16, 0),
(900001, 25782, 46000, 0, 0, 19838, 0, 0, 52, 0),
(900001, 25894, 46000, 0, 0, 19854, 0, 0, 54, 0),
(900001, 25898, 2300, 0, 0, 0, 0, 0, 60, 0),
(900001, 25899, 2300, 0, 0, 20911, 0, 0, 60, 0),
(900001, 25916, 46000, 0, 0, 25782, 25291, 0, 60, 0),
(900001, 25918, 46000, 0, 0, 25894, 25290, 0, 60, 0),
(900001, 26573, 4000, 0, 0, 0, 0, 0, 20, 0),
(900001, 27135, 55000, 0, 0, 25292, 0, 0, 62, 0),
(900001, 27136, 130000, 0, 0, 27135, 0, 0, 70, 0),
(900001, 27137, 83000, 0, 0, 19943, 0, 0, 66, 0),
(900001, 27138, 100000, 0, 0, 10314, 0, 0, 68, 0),
(900001, 27139, 110000, 0, 0, 10318, 0, 0, 69, 0),
(900001, 27140, 200000, 0, 0, 25291, 0, 0, 70, 0),
(900001, 27141, 100000, 0, 0, 25916, 27140, 0, 70, 0),
(900001, 27142, 75000, 0, 0, 25290, 0, 0, 65, 0),
(900001, 27143, 75000, 0, 0, 25918, 27142, 0, 65, 0),
(900001, 27149, 130000, 0, 0, 10293, 0, 0, 70, 0),
(900001, 27150, 83000, 0, 0, 10301, 0, 0, 66, 0),
(900001, 27151, 61000, 0, 0, 19896, 0, 0, 63, 0),
(900001, 27152, 100000, 0, 0, 19898, 0, 0, 68, 0),
(900001, 27153, 130000, 0, 0, 19900, 0, 0, 70, 0),
(900001, 27154, 110000, 0, 0, 10310, 0, 0, 69, 0),
(900001, 27173, 130000, 0, 0, 20924, 0, 0, 70, 0),
(900001, 27174, 3348, 0, 0, 20930, 0, 0, 64, 0),
(900001, 27179, 6500, 0, 0, 20928, 0, 0, 70, 0),
(900001, 27180, 100000, 0, 0, 24239, 0, 0, 68, 0),
(900001, 31789, 4000, 0, 0, 0, 0, 0, 14, 0),
(900001, 31884, 130000, 0, 0, 0, 0, 0, 70, 0),
(900001, 32223, 55000, 0, 0, 0, 0, 0, 62, 0),
(900001, 32699, 2300, 0, 0, 31935, 0, 0, 60, 0),
(900001, 32700, 5000, 0, 0, 32699, 0, 0, 70, 0),
(900001, 33072, 6500, 0, 0, 27174, 0, 0, 70, 0),
(900001, 34767, 3500, 0, 0, 33391, 34769, 0, 40, 0),
(900001, 34768, 3500, 0, 0, 0, 0, 0, 20, 0),
(900001, 48781, 200000, 0, 0, 27136, 0, 0, 75, 0),
(900001, 48782, 200000, 0, 0, 48781, 0, 0, 80, 0),
(900001, 48784, 200000, 0, 0, 27137, 0, 0, 74, 0),
(900001, 48785, 200000, 0, 0, 48784, 0, 0, 79, 0),
(900001, 48788, 200000, 0, 0, 27154, 0, 0, 78, 0),
(900001, 48800, 200000, 0, 0, 27138, 0, 0, 73, 0),
(900001, 48801, 200000, 0, 0, 48800, 0, 0, 79, 0),
(900001, 48805, 200000, 0, 0, 27180, 0, 0, 74, 0),
(900001, 48806, 200000, 0, 0, 48805, 0, 0, 80, 0),
(900001, 48816, 200000, 0, 0, 27139, 0, 0, 72, 0),
(900001, 48817, 200000, 0, 0, 48816, 0, 0, 78, 0),
(900001, 48818, 200000, 0, 0, 27173, 0, 0, 75, 0),
(900001, 48819, 200000, 0, 0, 48818, 0, 0, 80, 0),
(900001, 48824, 10000, 0, 0, 33072, 0, 0, 75, 0),
(900001, 48825, 10000, 0, 0, 48824, 0, 0, 80, 0),
(900001, 48826, 10000, 0, 0, 32700, 0, 0, 75, 0),
(900001, 48827, 10000, 0, 0, 48826, 0, 0, 80, 0),
(900001, 48931, 200000, 0, 0, 27140, 0, 0, 73, 0),
(900001, 48932, 200000, 0, 0, 48931, 0, 0, 79, 0),
(900001, 48933, 200000, 0, 0, 27141, 48931, 0, 73, 0),
(900001, 48934, 200000, 0, 0, 48933, 48932, 0, 79, 0),
(900001, 48935, 200000, 0, 0, 27142, 0, 0, 71, 0),
(900001, 48936, 200000, 0, 0, 48935, 0, 0, 77, 0),
(900001, 48937, 200000, 0, 0, 27143, 48935, 0, 71, 0),
(900001, 48938, 200000, 0, 0, 48937, 48936, 0, 77, 0),
(900001, 48941, 200000, 0, 0, 27149, 0, 0, 74, 0),
(900001, 48942, 200000, 0, 0, 48941, 0, 0, 79, 0),
(900001, 48943, 200000, 0, 0, 27151, 0, 0, 76, 0),
(900001, 48945, 200000, 0, 0, 27152, 0, 0, 77, 0),
(900001, 48947, 200000, 0, 0, 27153, 0, 0, 78, 0),
(900001, 48949, 200000, 0, 0, 20773, 0, 0, 72, 0),
(900001, 48950, 200000, 0, 0, 48949, 0, 0, 79, 0),
(900001, 48951, 10000, 0, 0, 27179, 0, 0, 75, 0),
(900001, 48952, 10000, 0, 0, 48951, 0, 0, 80, 0),
(900001, 53407, 9000, 0, 0, 0, 0, 0, 28, 0),
(900001, 53408, 1000, 0, 0, 0, 0, 0, 12, 0),
(900001, 53600, 200000, 0, 0, 0, 0, 0, 75, 0),
(900001, 53601, 100000, 0, 0, 0, 0, 0, 80, 0),
(900001, 53736, 100000, 0, 0, 0, 0, 0, 66, 0),
(900001, 54043, 200000, 0, 0, 27150, 0, 0, 76, 0),
(900001, 54428, 100000, 0, 0, 0, 0, 0, 71, 0),
(900001, 61411, 200000, 0, 0, 53600, 0, 0, 80, 0),
(900001, 62124, 3000, 0, 0, 0, 0, 0, 16, 0),
(900001, 465, 10, 0, 0, 0, 0, 0, 1, 0),
(900001, 498, 100, 0, 0, 0, 0, 0, 6, 0),
(900001, 633, 300, 0, 0, 0, 0, 0, 10, 0),
(900001, 639, 100, 0, 0, 635, 0, 0, 6, 0),
(900001, 642, 13000, 0, 0, 0, 0, 0, 34, 0),
(900001, 643, 4000, 0, 0, 10290, 0, 0, 20, 0),
(900001, 647, 2000, 0, 0, 639, 0, 0, 14, 0),
(900001, 750, 20000, 0, 0, 0, 0, 0, 40, 0),
(900001, 853, 100, 0, 0, 0, 0, 0, 8, 0),
(900001, 879, 4000, 0, 0, 0, 0, 0, 20, 0),
(900001, 1022, 300, 0, 0, 0, 0, 0, 10, 0),
(900001, 1026, 4000, 0, 0, 647, 0, 0, 22, 0),
(900001, 1032, 20000, 0, 0, 10291, 0, 0, 40, 0),
(900001, 1038, 6000, 0, 0, 0, 0, 0, 26, 0),
(900001, 1042, 11000, 0, 0, 1026, 0, 0, 30, 0),
(900001, 1044, 3500, 0, 0, 0, 0, 0, 18, 0),
(900001, 1152, 100, 0, 0, 0, 0, 0, 8, 0),
(900001, 2800, 11000, 0, 0, 633, 0, 0, 30, 0),
(900001, 2812, 28000, 0, 0, 0, 0, 0, 50, 0),
(900001, 3127, 100, 0, 0, 0, 0, 0, 8, 0),
(900001, 3472, 16000, 0, 0, 1042, 0, 0, 38, 0),
(900001, 4987, 21000, 0, 0, 0, 0, 0, 42, 0),
(900001, 5502, 4000, 0, 0, 0, 0, 0, 20, 0),
(900001, 5588, 5000, 0, 0, 853, 0, 0, 24, 0),
(900001, 5589, 20000, 0, 0, 5588, 0, 0, 40, 0),
(900001, 5599, 5000, 0, 0, 1022, 0, 0, 24, 0),
(900001, 5614, 9000, 0, 0, 879, 0, 0, 28, 0),
(900001, 5615, 14000, 0, 0, 5614, 0, 0, 36, 0),
(900001, 6940, 24000, 0, 0, 0, 0, 0, 46, 0),
(900001, 7294, 3000, 0, 0, 0, 0, 0, 16, 0),
(900001, 10278, 16000, 0, 0, 5599, 0, 0, 38, 0),
(900001, 10290, 300, 0, 0, 465, 0, 0, 10, 0),
(900001, 10291, 11000, 0, 0, 643, 0, 0, 30, 0),
(900001, 10292, 28000, 0, 0, 1032, 0, 0, 50, 0),
(900001, 10293, 46000, 0, 0, 10292, 0, 0, 60, 0),
(900001, 10298, 6000, 0, 0, 7294, 0, 0, 26, 0),
(900001, 10299, 14000, 0, 0, 10298, 0, 0, 36, 0),
(900001, 10300, 24000, 0, 0, 10299, 0, 0, 46, 0),
(900001, 10301, 42000, 0, 0, 10300, 0, 0, 56, 0),
(900001, 10308, 40000, 0, 0, 5589, 0, 0, 54, 0),
(900001, 10310, 28000, 0, 0, 2800, 0, 0, 50, 0),
(900001, 10312, 22000, 0, 0, 5615, 0, 0, 44, 0),
(900001, 10313, 34000, 0, 0, 10312, 0, 0, 52, 0),
(900001, 10314, 46000, 0, 0, 10313, 0, 0, 60, 0),
(900001, 10318, 46000, 0, 0, 2812, 0, 0, 60, 0),
(900001, 10322, 5000, 0, 0, 7328, 0, 0, 24, 0),
(900001, 10324, 14000, 0, 0, 10322, 0, 0, 36, 0),
(900001, 10326, 5000, 0, 0, 0, 0, 0, 24, 0),
(900001, 10328, 24000, 0, 0, 3472, 0, 0, 46, 0),
(900001, 10329, 40000, 0, 0, 10328, 0, 0, 54, 0),
(900001, 19740, 100, 0, 0, 0, 0, 0, 4, 0),
(900001, 19742, 2000, 0, 0, 0, 0, 0, 14, 0),
(900001, 19746, 4000, 0, 0, 0, 0, 0, 22, 0),
(900001, 19750, 4000, 0, 0, 0, 0, 0, 20, 0),
(900001, 19752, 11000, 0, 0, 0, 0, 0, 30, 0),
(900001, 19834, 1000, 0, 0, 19740, 0, 0, 12, 0),
(900001, 19835, 4000, 0, 0, 19834, 0, 0, 22, 0),
(900001, 19836, 12000, 0, 0, 19835, 0, 0, 32, 0),
(900001, 19837, 21000, 0, 0, 19836, 0, 0, 42, 0),
(900001, 19838, 34000, 0, 0, 19837, 0, 0, 52, 0),
(900001, 19850, 5000, 0, 0, 19742, 0, 0, 24, 0),
(900001, 19852, 13000, 0, 0, 19850, 0, 0, 34, 0),
(900001, 19853, 22000, 0, 0, 19852, 0, 0, 44, 0),
(900001, 19854, 40000, 0, 0, 19853, 0, 0, 54, 0),
(900001, 19876, 9000, 0, 0, 0, 0, 0, 28, 0),
(900001, 19888, 12000, 0, 0, 0, 0, 0, 32, 0),
(900001, 19891, 14000, 0, 0, 0, 0, 0, 36, 0),
(900001, 19895, 20000, 0, 0, 19876, 0, 0, 40, 0),
(900001, 19896, 34000, 0, 0, 19895, 0, 0, 52, 0),
(900001, 19897, 22000, 0, 0, 19888, 0, 0, 44, 0),
(900001, 19898, 42000, 0, 0, 19897, 0, 0, 56, 0),
(900001, 19899, 26000, 0, 0, 19891, 0, 0, 48, 0),
(900001, 19900, 46000, 0, 0, 19899, 0, 0, 60, 0),
(900001, 19939, 6000, 0, 0, 19750, 0, 0, 26, 0),
(900001, 19940, 13000, 0, 0, 19939, 0, 0, 34, 0),
(900001, 19941, 21000, 0, 0, 19940, 0, 0, 42, 0),
(900001, 19942, 28000, 0, 0, 19941, 0, 0, 50, 0),
(900001, 19943, 44000, 0, 0, 19942, 0, 0, 58, 0),
(900001, 20116, 11000, 0, 0, 26573, 0, 0, 30, 0),
(900001, 20164, 4000, 0, 0, 0, 0, 0, 22, 0),
(900001, 20165, 11000, 0, 0, 0, 0, 0, 30, 0),
(900001, 20166, 16000, 0, 0, 0, 0, 0, 38, 0),
(900001, 20217, 4000, 0, 0, 0, 0, 0, 20, 0),
(900001, 20271, 100, 0, 0, 0, 0, 0, 4, 0),
(900001, 20772, 26000, 0, 0, 10324, 0, 0, 48, 0),
(900001, 20773, 46000, 0, 0, 20772, 0, 0, 60, 0),
(900001, 20922, 20000, 0, 0, 20116, 0, 0, 40, 0),
(900001, 20923, 28000, 0, 0, 20922, 0, 0, 50, 0),
(900001, 20924, 46000, 0, 0, 20923, 0, 0, 60, 0),
(900001, 20927, 1400, 0, 0, 20925, 0, 0, 50, 0),
(900001, 20928, 2300, 0, 0, 20927, 0, 0, 60, 0),
(900001, 20929, 1300, 0, 0, 20473, 0, 0, 48, 0),
(900001, 20930, 2100, 0, 0, 20929, 0, 0, 56, 0),
(900001, 24239, 46000, 0, 0, 24274, 0, 0, 60, 0),
(900001, 24274, 34000, 0, 0, 24275, 0, 0, 52, 0),
(900001, 24275, 22000, 0, 0, 0, 0, 0, 44, 0),
(900001, 25290, 50000, 0, 0, 19854, 0, 0, 60, 0),
(900001, 25291, 50000, 0, 0, 19838, 0, 0, 60, 0),
(900001, 25292, 46000, 0, 0, 10329, 0, 0, 60, 0),
(900001, 25780, 3000, 0, 0, 0, 0, 0, 16, 0),
(900001, 25782, 46000, 0, 0, 19838, 0, 0, 52, 0),
(900001, 25894, 46000, 0, 0, 19854, 0, 0, 54, 0),
(900001, 25898, 2300, 0, 0, 0, 0, 0, 60, 0),
(900001, 25899, 2300, 0, 0, 20911, 0, 0, 60, 0),
(900001, 25916, 46000, 0, 0, 25782, 25291, 0, 60, 0),
(900001, 25918, 46000, 0, 0, 25894, 25290, 0, 60, 0),
(900001, 26573, 4000, 0, 0, 0, 0, 0, 20, 0),
(900001, 27135, 55000, 0, 0, 25292, 0, 0, 62, 0),
(900001, 27136, 130000, 0, 0, 27135, 0, 0, 70, 0),
(900001, 27137, 83000, 0, 0, 19943, 0, 0, 66, 0),
(900001, 27138, 100000, 0, 0, 10314, 0, 0, 68, 0),
(900001, 27139, 110000, 0, 0, 10318, 0, 0, 69, 0),
(900001, 27140, 200000, 0, 0, 25291, 0, 0, 70, 0),
(900001, 27141, 100000, 0, 0, 25916, 27140, 0, 70, 0),
(900001, 27142, 75000, 0, 0, 25290, 0, 0, 65, 0),
(900001, 27143, 75000, 0, 0, 25918, 27142, 0, 65, 0),
(900001, 27149, 130000, 0, 0, 10293, 0, 0, 70, 0),
(900001, 27150, 83000, 0, 0, 10301, 0, 0, 66, 0),
(900001, 27151, 61000, 0, 0, 19896, 0, 0, 63, 0),
(900001, 27152, 100000, 0, 0, 19898, 0, 0, 68, 0),
(900001, 27153, 130000, 0, 0, 19900, 0, 0, 70, 0),
(900001, 27154, 110000, 0, 0, 10310, 0, 0, 69, 0),
(900001, 27173, 130000, 0, 0, 20924, 0, 0, 70, 0),
(900001, 27174, 3348, 0, 0, 20930, 0, 0, 64, 0),
(900001, 27179, 6500, 0, 0, 20928, 0, 0, 70, 0),
(900001, 27180, 100000, 0, 0, 24239, 0, 0, 68, 0),
(900001, 31789, 4000, 0, 0, 0, 0, 0, 14, 0),
(900001, 31884, 130000, 0, 0, 0, 0, 0, 70, 0),
(900001, 32223, 55000, 0, 0, 0, 0, 0, 62, 0),
(900001, 32699, 2300, 0, 0, 31935, 0, 0, 60, 0),
(900001, 32700, 5000, 0, 0, 32699, 0, 0, 70, 0),
(900001, 33072, 6500, 0, 0, 27174, 0, 0, 70, 0),
(900001, 48781, 200000, 0, 0, 27136, 0, 0, 75, 0),
(900001, 48782, 200000, 0, 0, 48781, 0, 0, 80, 0),
(900001, 48784, 200000, 0, 0, 27137, 0, 0, 74, 0),
(900001, 48785, 200000, 0, 0, 48784, 0, 0, 79, 0),
(900001, 48788, 200000, 0, 0, 27154, 0, 0, 78, 0),
(900001, 48800, 200000, 0, 0, 27138, 0, 0, 73, 0),
(900001, 48801, 200000, 0, 0, 48800, 0, 0, 79, 0),
(900001, 48805, 200000, 0, 0, 27180, 0, 0, 74, 0),
(900001, 48806, 200000, 0, 0, 48805, 0, 0, 80, 0),
(900001, 48816, 200000, 0, 0, 27139, 0, 0, 72, 0),
(900001, 48817, 200000, 0, 0, 48816, 0, 0, 78, 0),
(900001, 48818, 200000, 0, 0, 27173, 0, 0, 75, 0),
(900001, 48819, 200000, 0, 0, 48818, 0, 0, 80, 0),
(900001, 48824, 10000, 0, 0, 33072, 0, 0, 75, 0),
(900001, 48825, 10000, 0, 0, 48824, 0, 0, 80, 0),
(900001, 48826, 10000, 0, 0, 32700, 0, 0, 75, 0),
(900001, 48827, 10000, 0, 0, 48826, 0, 0, 80, 0),
(900001, 48931, 200000, 0, 0, 27140, 0, 0, 73, 0),
(900001, 48932, 200000, 0, 0, 48931, 0, 0, 79, 0),
(900001, 48933, 200000, 0, 0, 27141, 48931, 0, 73, 0),
(900001, 48934, 200000, 0, 0, 48933, 48932, 0, 79, 0),
(900001, 48935, 200000, 0, 0, 27142, 0, 0, 71, 0),
(900001, 48936, 200000, 0, 0, 48935, 0, 0, 77, 0),
(900001, 48937, 200000, 0, 0, 27143, 48935, 0, 71, 0),
(900001, 48938, 200000, 0, 0, 48937, 48936, 0, 77, 0),
(900001, 48941, 200000, 0, 0, 27149, 0, 0, 74, 0),
(900001, 48942, 200000, 0, 0, 48941, 0, 0, 79, 0),
(900001, 48943, 200000, 0, 0, 27151, 0, 0, 76, 0),
(900001, 48945, 200000, 0, 0, 27152, 0, 0, 77, 0),
(900001, 48947, 200000, 0, 0, 27153, 0, 0, 78, 0),
(900001, 48949, 200000, 0, 0, 20773, 0, 0, 72, 0),
(900001, 48950, 200000, 0, 0, 48949, 0, 0, 79, 0),
(900001, 48951, 10000, 0, 0, 27179, 0, 0, 75, 0),
(900001, 48952, 10000, 0, 0, 48951, 0, 0, 80, 0),
(900001, 53407, 9000, 0, 0, 0, 0, 0, 28, 0),
(900001, 53408, 1000, 0, 0, 0, 0, 0, 12, 0),
(900001, 53600, 200000, 0, 0, 0, 0, 0, 75, 0),
(900001, 53601, 100000, 0, 0, 0, 0, 0, 80, 0),
(900001, 54043, 200000, 0, 0, 27150, 0, 0, 76, 0),
(900001, 54428, 100000, 0, 0, 0, 0, 0, 71, 0),
(900001, 61411, 200000, 0, 0, 53600, 0, 0, 80, 0),
(900001, 62124, 3000, 0, 0, 0, 0, 0, 16, 0),
(900001, 465, 10, 0, 0, 0, 0, 0, 1, 0),
(900001, 498, 100, 0, 0, 0, 0, 0, 6, 0),
(900001, 639, 100, 0, 0, 635, 0, 0, 6, 0),
(900001, 19740, 100, 0, 0, 0, 0, 0, 4, 0),
(900001, 20271, 100, 0, 0, 0, 0, 0, 4, 0),


(900002, 136, 600, 0, 0, 0, 0, 0, 12, 0),
(900002, 674, 2200, 0, 0, 0, 0, 0, 20, 0),
(900002, 781, 2200, 0, 0, 0, 0, 0, 20, 0),
(900002, 1002, 1200, 0, 0, 0, 0, 0, 14, 0),
(900002, 1130, 100, 0, 0, 0, 0, 0, 6, 0),
(900002, 1462, 7000, 0, 0, 0, 0, 0, 24, 0),
(900002, 1494, 10, 0, 0, 0, 0, 0, 2, 0),
(900002, 1495, 1800, 0, 0, 0, 0, 0, 16, 0),
(900002, 1499, 2200, 0, 0, 0, 0, 0, 20, 0),
(900002, 1510, 18000, 0, 0, 0, 0, 0, 40, 0),
(900002, 1513, 1200, 0, 0, 0, 0, 0, 14, 0),
(900002, 1543, 10000, 0, 0, 0, 0, 0, 32, 0),
(900002, 1978, 100, 0, 0, 0, 0, 0, 4, 0),
(900002, 2643, 2000, 0, 0, 0, 0, 0, 18, 0),
(900002, 2974, 600, 0, 0, 0, 0, 0, 12, 0),
(900002, 3034, 14000, 0, 0, 0, 0, 0, 36, 0),
(900002, 3043, 6000, 0, 0, 0, 0, 0, 22, 0),
(900002, 3044, 100, 0, 0, 0, 0, 0, 6, 0),
(900002, 3045, 7000, 0, 0, 0, 0, 0, 26, 0),
(900002, 3111, 2200, 0, 0, 136, 0, 0, 20, 0),
(900002, 3127, 200, 0, 0, 0, 0, 0, 8, 0),
(900002, 3661, 8000, 0, 0, 3111, 0, 0, 28, 0),
(900002, 3662, 14000, 0, 0, 3661, 0, 0, 36, 0),
(900002, 5116, 200, 0, 0, 0, 0, 0, 8, 0),
(900002, 5118, 2200, 0, 0, 0, 0, 0, 16, 0),
(900002, 5384, 8000, 0, 0, 0, 0, 0, 30, 0),
(900002, 6197, 1200, 0, 0, 0, 0, 0, 14, 0),
(900002, 8737, 18000, 0, 0, 0, 0, 0, 40, 0),
(900002, 13159, 18000, 0, 0, 0, 0, 0, 40, 0),
(900002, 13161, 8000, 0, 0, 0, 0, 0, 30, 0),
(900002, 13163, 100, 0, 0, 0, 0, 0, 4, 0),
(900002, 13165, 400, 0, 0, 0, 0, 0, 10, 0),
(900002, 13542, 26000, 0, 0, 3662, 0, 0, 44, 0),
(900002, 13543, 40000, 0, 0, 13542, 0, 0, 52, 0),
(900002, 13544, 50000, 0, 0, 13543, 0, 0, 60, 0),
(900002, 13549, 400, 0, 0, 1978, 0, 0, 10, 0),
(900002, 13550, 2000, 0, 0, 13549, 0, 0, 18, 0),
(900002, 13551, 7000, 0, 0, 13550, 0, 0, 26, 0),
(900002, 13552, 12000, 0, 0, 13551, 0, 0, 34, 0),
(900002, 13553, 24000, 0, 0, 13552, 0, 0, 42, 0),
(900002, 13554, 36000, 0, 0, 13553, 0, 0, 50, 0),
(900002, 13555, 48000, 0, 0, 13554, 0, 0, 58, 0),
(900002, 13795, 1800, 0, 0, 0, 0, 0, 16, 0),
(900002, 13809, 8000, 0, 0, 0, 0, 0, 28, 0),
(900002, 13813, 12000, 0, 0, 0, 0, 0, 34, 0),
(900002, 14260, 200, 0, 0, 2973, 0, 0, 8, 0),
(900002, 14261, 1800, 0, 0, 14260, 0, 0, 16, 0),
(900002, 14262, 7000, 0, 0, 14261, 0, 0, 24, 0),
(900002, 14263, 10000, 0, 0, 14262, 0, 0, 32, 0),
(900002, 14264, 18000, 0, 0, 14263, 0, 0, 40, 0),
(900002, 14265, 32000, 0, 0, 14264, 0, 0, 48, 0),
(900002, 14266, 46000, 0, 0, 14265, 0, 0, 56, 0),
(900002, 14269, 8000, 0, 0, 1495, 0, 0, 30, 0),
(900002, 14270, 26000, 0, 0, 14269, 0, 0, 44, 0),
(900002, 14271, 48000, 0, 0, 14270, 0, 0, 58, 0),
(900002, 14281, 600, 0, 0, 3044, 0, 0, 12, 0),
(900002, 14282, 2200, 0, 0, 14281, 0, 0, 20, 0),
(900002, 14283, 8000, 0, 0, 14282, 0, 0, 28, 0),
(900002, 14284, 14000, 0, 0, 14283, 0, 0, 36, 0),
(900002, 14285, 26000, 0, 0, 14284, 0, 0, 44, 0),
(900002, 14286, 40000, 0, 0, 14285, 0, 0, 52, 0),
(900002, 14287, 50000, 0, 0, 14286, 0, 0, 60, 0),
(900002, 14288, 8000, 0, 0, 2643, 0, 0, 30, 0),
(900002, 14289, 24000, 0, 0, 14288, 0, 0, 42, 0),
(900002, 14290, 42000, 0, 0, 14289, 0, 0, 54, 0),
(900002, 14294, 36000, 0, 0, 1510, 0, 0, 50, 0),
(900002, 14295, 48000, 0, 0, 14294, 0, 0, 58, 0),
(900002, 14302, 7000, 0, 0, 13795, 0, 0, 26, 0),
(900002, 14303, 14000, 0, 0, 14302, 0, 0, 36, 0),
(900002, 14304, 28000, 0, 0, 14303, 0, 0, 46, 0),
(900002, 14305, 46000, 0, 0, 14304, 0, 0, 56, 0),
(900002, 14310, 18000, 0, 0, 1499, 0, 0, 40, 0),
(900002, 14311, 50000, 0, 0, 14310, 0, 0, 60, 0),
(900002, 14316, 26000, 0, 0, 13813, 0, 0, 44, 0),
(900002, 14317, 42000, 0, 0, 14316, 0, 0, 54, 0),
(900002, 14318, 2000, 0, 0, 13165, 0, 0, 18, 0),
(900002, 14319, 8000, 0, 0, 14318, 0, 0, 28, 0),
(900002, 14320, 16000, 0, 0, 14319, 0, 0, 38, 0),
(900002, 14321, 32000, 0, 0, 14320, 0, 0, 48, 0),
(900002, 14322, 48000, 0, 0, 14321, 0, 0, 58, 0),
(900002, 14323, 6000, 0, 0, 1130, 0, 0, 22, 0),
(900002, 14324, 18000, 0, 0, 14323, 0, 0, 40, 0),
(900002, 14325, 48000, 0, 0, 14324, 0, 0, 58, 0),
(900002, 14326, 8000, 0, 0, 1513, 0, 0, 30, 0),
(900002, 14327, 28000, 0, 0, 14326, 0, 0, 46, 0),
(900002, 19263, 2200, 0, 0, 0, 0, 0, 60, 0),
(900002, 19801, 50000, 0, 0, 0, 0, 0, 60, 0),
(900002, 19878, 10000, 0, 0, 0, 0, 0, 32, 0),
(900002, 19879, 36000, 0, 0, 0, 0, 0, 50, 0),
(900002, 19880, 7000, 0, 0, 0, 0, 0, 26, 0),
(900002, 19882, 18000, 0, 0, 0, 0, 0, 40, 0),
(900002, 19883, 400, 0, 0, 0, 0, 0, 10, 0),
(900002, 19884, 2000, 0, 0, 0, 0, 0, 18, 0),
(900002, 19885, 7000, 0, 0, 0, 0, 0, 24, 0),
(900002, 20043, 28000, 0, 0, 0, 0, 0, 46, 0),
(900002, 20190, 46000, 0, 0, 20043, 0, 0, 56, 0),
(900002, 20736, 600, 0, 0, 0, 0, 0, 12, 0),
(900002, 20900, 400, 0, 0, 19434, 0, 0, 28, 0),
(900002, 20901, 700, 0, 0, 20900, 0, 0, 36, 0),
(900002, 20902, 1300, 0, 0, 20901, 0, 0, 44, 0),
(900002, 20903, 2000, 0, 0, 20902, 0, 0, 52, 0),
(900002, 20904, 2500, 0, 0, 20903, 0, 0, 60, 0),
(900002, 20909, 1200, 0, 0, 19306, 0, 0, 42, 0),
(900002, 20910, 2100, 0, 0, 20909, 0, 0, 54, 0),
(900002, 24132, 1800, 0, 0, 19386, 0, 0, 50, 0),
(900002, 24133, 2500, 0, 0, 24132, 0, 0, 60, 0),
(900002, 25294, 50000, 0, 0, 14290, 0, 0, 60, 0),
(900002, 25295, 50000, 0, 0, 13555, 0, 0, 60, 0),
(900002, 25296, 50000, 0, 0, 14322, 0, 0, 60, 0),
(900002, 27014, 87000, 0, 0, 14266, 0, 0, 63, 0),
(900002, 27016, 140000, 0, 0, 25295, 0, 0, 67, 0),
(900002, 27019, 170000, 0, 0, 14287, 0, 0, 69, 0),
(900002, 27021, 140000, 0, 0, 25294, 0, 0, 67, 0),
(900002, 27022, 140000, 0, 0, 14295, 0, 0, 67, 0),
(900002, 27023, 110000, 0, 0, 14305, 0, 0, 65, 0),
(900002, 27025, 68000, 0, 0, 14317, 0, 0, 61, 0),
(900002, 27044, 150000, 0, 0, 25296, 0, 0, 68, 0),
(900002, 27045, 150000, 0, 0, 20190, 0, 0, 68, 0),
(900002, 27046, 150000, 0, 0, 13544, 0, 0, 68, 0),
(900002, 27065, 10000, 0, 0, 20904, 0, 0, 70, 0),
(900002, 27067, 2500, 0, 0, 20910, 0, 0, 66, 0),
(900002, 27068, 5000, 0, 0, 24133, 0, 0, 70, 0),
(900002, 34026, 120000, 0, 0, 0, 0, 0, 66, 0),
(900002, 34074, 2200, 0, 0, 0, 0, 0, 20, 0),
(900002, 34120, 70000, 0, 0, 56641, 0, 0, 62, 0),
(900002, 34477, 190000, 0, 0, 0, 0, 0, 70, 0),
(900002, 34600, 150000, 0, 0, 0, 0, 0, 68, 0),
(900002, 36916, 300000, 0, 0, 14271, 0, 0, 70, 0),
(900002, 48989, 300000, 0, 0, 27046, 0, 0, 74, 0),
(900002, 48990, 300000, 0, 0, 48989, 0, 0, 80, 0),
(900002, 48995, 300000, 0, 0, 27014, 0, 0, 71, 0),
(900002, 48996, 300000, 0, 0, 48995, 0, 0, 77, 0),
(900002, 48998, 15000, 0, 0, 27067, 0, 0, 72, 0),
(900002, 48999, 15000, 0, 0, 48998, 0, 0, 78, 0),
(900002, 49000, 300000, 0, 0, 27016, 0, 0, 73, 0),
(900002, 49001, 300000, 0, 0, 49000, 0, 0, 79, 0),
(900002, 49011, 100000, 0, 0, 27068, 0, 0, 75, 0),
(900002, 49012, 100000, 0, 0, 49011, 0, 0, 80, 0),
(900002, 49044, 300000, 0, 0, 27019, 0, 0, 73, 0),
(900002, 49045, 300000, 0, 0, 49044, 0, 0, 79, 0),
(900002, 49047, 300000, 0, 0, 27021, 0, 0, 74, 0),
(900002, 49048, 300000, 0, 0, 49047, 0, 0, 80, 0),
(900002, 49049, 10000, 0, 0, 27065, 0, 0, 75, 0),
(900002, 49050, 10000, 0, 0, 49049, 0, 0, 80, 0),
(900002, 49051, 300000, 0, 0, 34120, 0, 0, 71, 0),
(900002, 49052, 300000, 0, 0, 49051, 0, 0, 77, 0),
(900002, 49055, 300000, 0, 0, 27023, 0, 0, 72, 0),
(900002, 49056, 300000, 0, 0, 49055, 0, 0, 78, 0),
(900002, 49066, 300000, 0, 0, 27025, 0, 0, 71, 0),
(900002, 49067, 300000, 0, 0, 49066, 0, 0, 77, 0),
(900002, 49071, 300000, 0, 0, 27045, 0, 0, 76, 0),
(900002, 53271, 10000, 0, 0, 0, 0, 0, 75, 0),
(900002, 53338, 10000, 0, 0, 14325, 0, 0, 76, 0),
(900002, 53339, 300000, 0, 0, 36916, 0, 0, 80, 0),
(900002, 53351, 300000, 0, 0, 0, 0, 0, 71, 0),
(900002, 56641, 36000, 0, 0, 0, 0, 0, 50, 0),
(900002, 58431, 300000, 0, 0, 27022, 0, 0, 74, 0),
(900002, 58434, 300000, 0, 0, 58431, 0, 0, 80, 0),
(900002, 60051, 400, 0, 0, 53301, 0, 0, 70, 0),
(900002, 60052, 400, 0, 0, 60051, 0, 0, 75, 0),
(900002, 60053, 100000, 0, 0, 60052, 0, 0, 80, 0),
(900002, 60192, 100000, 0, 0, 0, 0, 0, 80, 0),
(900002, 61005, 300000, 0, 0, 53351, 0, 0, 75, 0),
(900002, 61006, 300000, 0, 0, 61005, 0, 0, 80, 0),
(900002, 61846, 300000, 0, 0, 0, 0, 0, 74, 0),
(900002, 61847, 300000, 0, 0, 61846, 0, 0, 80, 0),
(900002, 62757, 300000, 0, 0, 0, 0, 0, 80, 0),
(900002, 63668, 1800, 0, 0, 3674, 0, 0, 57, 0),
(900002, 63669, 7000, 0, 0, 63668, 0, 0, 63, 0),
(900002, 63670, 10000, 0, 0, 63669, 0, 0, 69, 0),
(900002, 63671, 10000, 0, 0, 63670, 0, 0, 75, 0),
(900002, 63672, 10000, 0, 0, 63671, 0, 0, 80, 0),
(900002, 1130, 100, 0, 0, 0, 0, 0, 6, 0),
(900002, 1494, 10, 0, 0, 0, 0, 0, 2, 0),
(900002, 1978, 100, 0, 0, 0, 0, 0, 4, 0),
(900002, 3044, 100, 0, 0, 0, 0, 0, 6, 0),
(900002, 13163, 100, 0, 0, 0, 0, 0, 4, 0),


(900003, 53, 100, 0, 0, 0, 0, 0, 4, 0),
(900003, 408, 10000, 0, 0, 0, 0, 0, 30, 0),
(900003, 674, 300, 0, 0, 0, 0, 0, 10, 0),
(900003, 703, 1200, 0, 0, 0, 0, 0, 14, 0),
(900003, 921, 100, 0, 0, 0, 0, 0, 4, 0),
(900003, 1725, 4000, 0, 0, 0, 0, 0, 22, 0),
(900003, 1757, 100, 0, 0, 1752, 0, 0, 6, 0),
(900003, 1758, 1200, 0, 0, 1757, 0, 0, 14, 0),
(900003, 1759, 4000, 0, 0, 1758, 0, 0, 22, 0),
(900003, 1760, 10000, 0, 0, 1759, 0, 0, 30, 0),
(900003, 1766, 800, 0, 0, 0, 0, 0, 12, 0),
(900003, 1776, 100, 0, 0, 0, 0, 0, 6, 0),
(900003, 1784, 10, 0, 0, 0, 0, 0, 1, 0),
(900003, 1804, 1800, 0, 0, 0, 0, 0, 16, 0),
(900003, 1833, 6000, 0, 0, 0, 0, 0, 26, 0),
(900003, 1842, 10000, 0, 0, 0, 0, 0, 30, 0),
(900003, 1856, 4000, 0, 0, 0, 0, 0, 22, 0),
(900003, 1857, 27000, 0, 0, 1856, 0, 0, 42, 0),
(900003, 1860, 20000, 0, 0, 0, 0, 0, 40, 0),
(900003, 1943, 3000, 0, 0, 0, 0, 0, 20, 0),
(900003, 1966, 1800, 0, 0, 0, 0, 0, 16, 0),
(900003, 2070, 8000, 0, 0, 6770, 0, 0, 28, 0),
(900003, 2094, 14000, 0, 0, 0, 0, 0, 34, 0),
(900003, 2589, 800, 0, 0, 53, 0, 0, 12, 0),
(900003, 2590, 3000, 0, 0, 2589, 0, 0, 20, 0),
(900003, 2591, 8000, 0, 0, 2590, 0, 0, 28, 0),
(900003, 2836, 5000, 0, 0, 0, 0, 0, 24, 0),
(900003, 2983, 300, 0, 0, 0, 0, 0, 10, 0),
(900003, 3127, 800, 0, 0, 0, 0, 0, 12, 0),
(900003, 5171, 300, 0, 0, 0, 0, 0, 10, 0),
(900003, 5277, 200, 0, 0, 0, 0, 0, 8, 0),
(900003, 5938, 100000, 0, 0, 0, 0, 0, 70, 0),
(900003, 6760, 200, 0, 0, 2098, 0, 0, 8, 0),
(900003, 6761, 1800, 0, 0, 6760, 0, 0, 16, 0),
(900003, 6762, 5000, 0, 0, 6761, 0, 0, 24, 0),
(900003, 6768, 8000, 0, 0, 1966, 0, 0, 28, 0),
(900003, 6770, 300, 0, 0, 0, 0, 0, 10, 0),
(900003, 6774, 27000, 0, 0, 5171, 0, 0, 42, 0),
(900003, 8621, 18000, 0, 0, 1760, 0, 0, 38, 0),
(900003, 8623, 12000, 0, 0, 6762, 0, 0, 32, 0),
(900003, 8624, 20000, 0, 0, 8623, 0, 0, 40, 0),
(900003, 8631, 4000, 0, 0, 703, 0, 0, 22, 0),
(900003, 8632, 10000, 0, 0, 8631, 0, 0, 30, 0),
(900003, 8633, 18000, 0, 0, 8632, 0, 0, 38, 0),
(900003, 8637, 20000, 0, 0, 6768, 0, 0, 40, 0),
(900003, 8639, 8000, 0, 0, 1943, 0, 0, 28, 0),
(900003, 8640, 16000, 0, 0, 8639, 0, 0, 36, 0),
(900003, 8643, 35000, 0, 0, 408, 0, 0, 50, 0),
(900003, 8647, 1200, 0, 0, 0, 0, 0, 14, 0),
(900003, 8676, 2900, 0, 0, 0, 0, 0, 18, 0),
(900003, 8696, 14000, 0, 0, 2983, 0, 0, 34, 0),
(900003, 8721, 16000, 0, 0, 2591, 0, 0, 36, 0),
(900003, 8724, 6000, 0, 0, 8676, 0, 0, 26, 0),
(900003, 8725, 14000, 0, 0, 8724, 0, 0, 34, 0),
(900003, 11267, 27000, 0, 0, 8725, 0, 0, 42, 0),
(900003, 11268, 35000, 0, 0, 11267, 0, 0, 50, 0),
(900003, 11269, 52000, 0, 0, 11268, 0, 0, 58, 0),
(900003, 11273, 29000, 0, 0, 8640, 0, 0, 44, 0),
(900003, 11274, 46000, 0, 0, 11273, 0, 0, 52, 0),
(900003, 11275, 54000, 0, 0, 11274, 0, 0, 60, 0),
(900003, 11279, 29000, 0, 0, 8721, 0, 0, 44, 0),
(900003, 11280, 46000, 0, 0, 11279, 0, 0, 52, 0),
(900003, 11281, 54000, 0, 0, 11280, 0, 0, 60, 0),
(900003, 11289, 31000, 0, 0, 8633, 0, 0, 46, 0),
(900003, 11290, 48000, 0, 0, 11289, 0, 0, 54, 0),
(900003, 11293, 31000, 0, 0, 8621, 0, 0, 46, 0),
(900003, 11294, 48000, 0, 0, 11293, 0, 0, 54, 0),
(900003, 11297, 33000, 0, 0, 2070, 0, 0, 48, 0),
(900003, 11299, 33000, 0, 0, 8624, 0, 0, 48, 0),
(900003, 11300, 50000, 0, 0, 11299, 0, 0, 56, 0),
(900003, 11303, 46000, 0, 0, 8637, 0, 0, 52, 0),
(900003, 11305, 52000, 0, 0, 8696, 0, 0, 58, 0),
(900003, 17347, 384, 0, 0, 16511, 0, 0, 46, 0),
(900003, 17348, 650, 0, 0, 17347, 0, 0, 58, 0),
(900003, 25300, 72000, 0, 0, 11281, 0, 0, 60, 0),
(900003, 25302, 50000, 0, 0, 11303, 0, 0, 60, 0),
(900003, 26669, 35000, 0, 0, 5277, 0, 0, 50, 0),
(900003, 26679, 72000, 0, 0, 0, 0, 0, 64, 0),
(900003, 26839, 50000, 0, 0, 11290, 0, 0, 61, 0),
(900003, 26861, 50000, 0, 0, 11294, 0, 0, 62, 0),
(900003, 26862, 100000, 0, 0, 26861, 0, 0, 70, 0),
(900003, 26863, 110000, 0, 0, 25300, 0, 0, 68, 0),
(900003, 26864, 2700, 0, 0, 17348, 0, 0, 70, 0),
(900003, 26865, 140000, 0, 0, 31016, 0, 0, 64, 0),
(900003, 26867, 120000, 0, 0, 11275, 0, 0, 68, 0),
(900003, 26884, 100000, 0, 0, 26839, 0, 0, 70, 0),
(900003, 26889, 59000, 0, 0, 1857, 0, 0, 62, 0),
(900003, 27441, 80000, 0, 0, 11269, 0, 0, 66, 0),
(900003, 27448, 72000, 0, 0, 25302, 0, 0, 64, 0),
(900003, 31016, 65000, 0, 0, 11300, 0, 0, 60, 0),
(900003, 31224, 89000, 0, 0, 0, 0, 0, 66, 0),
(900003, 32645, 59000, 0, 0, 0, 0, 0, 62, 0),
(900003, 32684, 100000, 0, 0, 32645, 0, 0, 69, 0),
(900003, 34411, 5500, 0, 0, 1329, 0, 0, 50, 0),
(900003, 34412, 6500, 0, 0, 34411, 0, 0, 60, 0),
(900003, 34413, 7500, 0, 0, 34412, 0, 0, 70, 0),
(900003, 48637, 300000, 0, 0, 26862, 0, 0, 76, 0),
(900003, 48638, 300000, 0, 0, 48637, 0, 0, 80, 0),
(900003, 48656, 300000, 0, 0, 26863, 0, 0, 74, 0),
(900003, 48657, 300000, 0, 0, 48656, 0, 0, 80, 0),
(900003, 48658, 300000, 0, 0, 27448, 0, 0, 72, 0),
(900003, 48659, 300000, 0, 0, 48658, 0, 0, 78, 0),
(900003, 48660, 15000, 0, 0, 26864, 0, 0, 80, 0),
(900003, 48663, 15000, 0, 0, 34413, 0, 0, 75, 0),
(900003, 48666, 15000, 0, 0, 48663, 0, 0, 80, 0),
(900003, 48667, 300000, 0, 0, 26865, 0, 0, 73, 0),
(900003, 48668, 300000, 0, 0, 48667, 0, 0, 79, 0),
(900003, 48671, 300000, 0, 0, 26867, 0, 0, 74, 0),
(900003, 48672, 300000, 0, 0, 48671, 0, 0, 79, 0),
(900003, 48673, 100000, 0, 0, 26679, 0, 0, 70, 0),
(900003, 48674, 300000, 0, 0, 48673, 0, 0, 76, 0),
(900003, 48675, 300000, 0, 0, 26884, 0, 0, 75, 0),
(900003, 48676, 300000, 0, 0, 48675, 0, 0, 80, 0),
(900003, 48689, 140000, 0, 0, 27441, 0, 0, 70, 0),
(900003, 48690, 300000, 0, 0, 48689, 0, 0, 75, 0),
(900003, 48691, 300000, 0, 0, 48690, 0, 0, 80, 0),
(900003, 51722, 3000, 0, 0, 0, 0, 0, 20, 0),
(900003, 51723, 300000, 0, 0, 0, 0, 0, 80, 0),
(900003, 51724, 300000, 0, 0, 11297, 0, 0, 71, 0),
(900003, 57934, 300000, 0, 0, 0, 0, 0, 75, 0),
(900003, 57992, 300000, 0, 0, 32684, 0, 0, 74, 0),
(900003, 57993, 300000, 0, 0, 57992, 0, 0, 80, 0),
(900003, 53, 100, 0, 0, 0, 0, 0, 4, 0),
(900003, 921, 100, 0, 0, 0, 0, 0, 4, 0),
(900003, 1757, 100, 0, 0, 1752, 0, 0, 6, 0),
(900003, 1776, 100, 0, 0, 0, 0, 0, 6, 0),
(900003, 1784, 10, 0, 0, 0, 0, 0, 1, 0),


(900004, 17, 100, 0, 0, 0, 0, 0, 6, 0),
(900004, 139, 200, 0, 0, 0, 0, 0, 8, 0),
(900004, 453, 3000, 0, 0, 0, 0, 0, 20, 0),
(900004, 527, 2000, 0, 0, 0, 0, 0, 18, 0),
(900004, 528, 1200, 0, 0, 0, 0, 0, 14, 0),
(900004, 552, 11000, 0, 0, 0, 0, 0, 32, 0),
(900004, 586, 200, 0, 0, 0, 0, 0, 8, 0),
(900004, 588, 800, 0, 0, 0, 0, 0, 12, 0),
(900004, 589, 100, 0, 0, 0, 0, 0, 4, 0),
(900004, 591, 100, 0, 0, 585, 0, 0, 6, 0),
(900004, 592, 800, 0, 0, 17, 0, 0, 12, 0),
(900004, 594, 300, 0, 0, 589, 0, 0, 10, 0),
(900004, 596, 10000, 0, 0, 0, 0, 0, 30, 0),
(900004, 598, 1200, 0, 0, 591, 0, 0, 14, 0),
(900004, 600, 2000, 0, 0, 592, 0, 0, 18, 0),
(900004, 602, 10000, 0, 0, 7128, 0, 0, 30, 0),
(900004, 605, 10000, 0, 0, 0, 0, 0, 30, 0),
(900004, 970, 2000, 0, 0, 594, 0, 0, 18, 0),
(900004, 976, 10000, 0, 0, 0, 0, 0, 30, 0),
(900004, 984, 4000, 0, 0, 598, 0, 0, 22, 0),
(900004, 988, 14000, 0, 0, 527, 0, 0, 36, 0),
(900004, 992, 6000, 0, 0, 970, 0, 0, 26, 0),
(900004, 996, 18000, 0, 0, 596, 0, 0, 40, 0),
(900004, 1004, 10000, 0, 0, 984, 0, 0, 30, 0),
(900004, 1006, 18000, 0, 0, 602, 0, 0, 40, 0),
(900004, 1243, 10, 0, 0, 0, 0, 0, 1, 0),
(900004, 1244, 800, 0, 0, 1243, 0, 0, 12, 0),
(900004, 1245, 5000, 0, 0, 1244, 0, 0, 24, 0),
(900004, 1706, 12000, 0, 0, 0, 0, 0, 34, 0),
(900004, 2006, 300, 0, 0, 0, 0, 0, 10, 0),
(900004, 2010, 4000, 0, 0, 2006, 0, 0, 22, 0),
(900004, 2052, 100, 0, 0, 2050, 0, 0, 4, 0),
(900004, 2053, 300, 0, 0, 2052, 0, 0, 10, 0),
(900004, 2054, 1600, 0, 0, 0, 0, 0, 16, 0),
(900004, 2055, 4000, 0, 0, 2054, 0, 0, 22, 0),
(900004, 2060, 18000, 0, 0, 0, 0, 0, 40, 0),
(900004, 2061, 3000, 0, 0, 0, 0, 0, 20, 0),
(900004, 2096, 4000, 0, 0, 0, 0, 0, 22, 0),
(900004, 2767, 12000, 0, 0, 992, 0, 0, 34, 0),
(900004, 2791, 14000, 0, 0, 1245, 0, 0, 36, 0),
(900004, 2944, 3000, 0, 0, 0, 0, 0, 20, 0),
(900004, 3747, 5000, 0, 0, 600, 0, 0, 24, 0),
(900004, 6060, 16000, 0, 0, 1004, 0, 0, 38, 0),
(900004, 6063, 8000, 0, 0, 2055, 0, 0, 28, 0),
(900004, 6064, 12000, 0, 0, 6063, 0, 0, 34, 0),
(900004, 6065, 10000, 0, 0, 3747, 0, 0, 30, 0),
(900004, 6066, 14000, 0, 0, 6065, 0, 0, 36, 0),
(900004, 6074, 1200, 0, 0, 139, 0, 0, 14, 0),
(900004, 6075, 3000, 0, 0, 6074, 0, 0, 20, 0),
(900004, 6076, 6000, 0, 0, 6075, 0, 0, 26, 0),
(900004, 6077, 11000, 0, 0, 6076, 0, 0, 32, 0),
(900004, 6078, 16000, 0, 0, 6077, 0, 0, 38, 0),
(900004, 6346, 800, 0, 0, 0, 0, 0, 20, 0),
(900004, 7128, 3000, 0, 0, 588, 0, 0, 20, 0),
(900004, 8092, 300, 0, 0, 0, 0, 0, 10, 0),
(900004, 8102, 1600, 0, 0, 8092, 0, 0, 16, 0),
(900004, 8103, 4000, 0, 0, 8102, 0, 0, 22, 0),
(900004, 8104, 8000, 0, 0, 8103, 0, 0, 28, 0),
(900004, 8105, 12000, 0, 0, 8104, 0, 0, 34, 0),
(900004, 8106, 18000, 0, 0, 8105, 0, 0, 40, 0),
(900004, 8122, 1200, 0, 0, 0, 0, 0, 14, 0),
(900004, 8124, 8000, 0, 0, 8122, 0, 0, 28, 0),
(900004, 8129, 5000, 0, 0, 0, 0, 0, 24, 0),
(900004, 9472, 6000, 0, 0, 2061, 0, 0, 26, 0),
(900004, 9473, 11000, 0, 0, 9472, 0, 0, 32, 0),
(900004, 9474, 16000, 0, 0, 9473, 0, 0, 38, 0),
(900004, 9484, 3000, 0, 0, 0, 0, 0, 20, 0),
(900004, 9485, 18000, 0, 0, 9484, 0, 0, 40, 0),
(900004, 10880, 12000, 0, 0, 2010, 0, 0, 34, 0),
(900004, 10881, 26000, 0, 0, 10880, 0, 0, 46, 0),
(900004, 10888, 22000, 0, 0, 8124, 0, 0, 42, 0),
(900004, 10890, 42000, 0, 0, 10888, 0, 0, 56, 0),
(900004, 10892, 22000, 0, 0, 2767, 0, 0, 42, 0),
(900004, 10893, 30000, 0, 0, 10892, 0, 0, 50, 0),
(900004, 10894, 44000, 0, 0, 10893, 0, 0, 58, 0),
(900004, 10898, 22000, 0, 0, 6066, 0, 0, 42, 0),
(900004, 10899, 28000, 0, 0, 10898, 0, 0, 48, 0),
(900004, 10900, 40000, 0, 0, 10899, 0, 0, 54, 0),
(900004, 10901, 46000, 0, 0, 10900, 0, 0, 60, 0),
(900004, 10909, 24000, 0, 0, 2096, 0, 0, 44, 0),
(900004, 10915, 24000, 0, 0, 9474, 0, 0, 44, 0),
(900004, 10916, 30000, 0, 0, 10915, 0, 0, 50, 0),
(900004, 10917, 42000, 0, 0, 10916, 0, 0, 56, 0),
(900004, 10927, 24000, 0, 0, 6078, 0, 0, 44, 0),
(900004, 10928, 30000, 0, 0, 10927, 0, 0, 50, 0),
(900004, 10929, 42000, 0, 0, 10928, 0, 0, 56, 0),
(900004, 10933, 26000, 0, 0, 6060, 0, 0, 46, 0),
(900004, 10934, 40000, 0, 0, 10933, 0, 0, 54, 0),
(900004, 10937, 28000, 0, 0, 2791, 0, 0, 48, 0),
(900004, 10938, 46000, 0, 0, 10937, 0, 0, 60, 0),
(900004, 10945, 26000, 0, 0, 8106, 0, 0, 46, 0),
(900004, 10946, 38000, 0, 0, 10945, 0, 0, 52, 0),
(900004, 10947, 44000, 0, 0, 10946, 0, 0, 58, 0),
(900004, 10951, 30000, 0, 0, 1006, 0, 0, 50, 0),
(900004, 10952, 46000, 0, 0, 10951, 0, 0, 60, 0),
(900004, 10955, 46000, 0, 0, 9485, 0, 0, 60, 0),
(900004, 10957, 22000, 0, 0, 976, 0, 0, 42, 0),
(900004, 10958, 42000, 0, 0, 10957, 0, 0, 56, 0),
(900004, 10960, 30000, 0, 0, 996, 0, 0, 50, 0),
(900004, 10961, 46000, 0, 0, 10960, 0, 0, 60, 0),
(900004, 10963, 26000, 0, 0, 2060, 0, 0, 46, 0),
(900004, 10964, 38000, 0, 0, 10963, 0, 0, 52, 0),
(900004, 10965, 44000, 0, 0, 10964, 0, 0, 58, 0),
(900004, 14752, 600, 0, 0, 0, 0, 0, 30, 0),
(900004, 14818, 900, 0, 0, 14752, 0, 0, 40, 0),
(900004, 14819, 1500, 0, 0, 14818, 0, 0, 50, 0),
(900004, 14914, 3000, 0, 0, 0, 0, 0, 20, 0),
(900004, 15237, 3000, 0, 0, 0, 0, 0, 20, 0),
(900004, 15261, 46000, 0, 0, 15267, 0, 0, 60, 0),
(900004, 15262, 5000, 0, 0, 14914, 0, 0, 24, 0),
(900004, 15263, 10000, 0, 0, 15262, 0, 0, 30, 0),
(900004, 15264, 14000, 0, 0, 15263, 0, 0, 36, 0),
(900004, 15265, 22000, 0, 0, 15264, 0, 0, 42, 0),
(900004, 15266, 28000, 0, 0, 15265, 0, 0, 48, 0),
(900004, 15267, 40000, 0, 0, 15266, 0, 0, 54, 0),
(900004, 15430, 8000, 0, 0, 15237, 0, 0, 28, 0),
(900004, 15431, 14000, 0, 0, 15430, 0, 0, 36, 0),
(900004, 17311, 400, 0, 0, 15407, 0, 0, 28, 0),
(900004, 17312, 700, 0, 0, 17311, 0, 0, 36, 0),
(900004, 17313, 1200, 0, 0, 17312, 0, 0, 44, 0),
(900004, 17314, 1900, 0, 0, 17313, 0, 0, 52, 0),
(900004, 18807, 2300, 0, 0, 17314, 0, 0, 60, 0),
(900004, 19238, 60, 0, 0, 19236, 0, 0, 26, 0),
(900004, 19240, 300, 0, 0, 19238, 0, 0, 34, 0),
(900004, 19241, 600, 0, 0, 19240, 0, 0, 42, 0),
(900004, 19242, 1100, 0, 0, 19241, 0, 0, 50, 0),
(900004, 19243, 1500, 0, 0, 19242, 0, 0, 58, 0),
(900004, 19276, 8000, 0, 0, 2944, 0, 0, 28, 0),
(900004, 19277, 14000, 0, 0, 19276, 0, 0, 36, 0),
(900004, 19278, 24000, 0, 0, 19277, 0, 0, 44, 0),
(900004, 19279, 38000, 0, 0, 19278, 0, 0, 52, 0),
(900004, 19280, 46000, 0, 0, 19279, 0, 0, 60, 0),
(900004, 20770, 44000, 0, 0, 10881, 0, 0, 58, 0),
(900004, 21562, 28000, 0, 0, 0, 0, 0, 48, 0),
(900004, 21564, 46000, 0, 0, 21562, 0, 0, 60, 0),
(900004, 25210, 65000, 0, 0, 25314, 0, 0, 63, 0),
(900004, 25213, 110000, 0, 0, 25210, 0, 0, 68, 0),
(900004, 25217, 80000, 0, 0, 10901, 0, 0, 65, 0),
(900004, 25218, 140000, 0, 0, 25217, 0, 0, 70, 0),
(900004, 25221, 80000, 0, 0, 25315, 0, 0, 65, 0),
(900004, 25222, 140000, 0, 0, 25221, 0, 0, 70, 0),
(900004, 25233, 53000, 0, 0, 10917, 0, 0, 61, 0),
(900004, 25235, 99000, 0, 0, 25233, 0, 0, 67, 0),
(900004, 25308, 110000, 0, 0, 25316, 0, 0, 68, 0),
(900004, 25312, 2300, 0, 0, 27841, 0, 0, 70, 0),
(900004, 25314, 65000, 0, 0, 10965, 0, 0, 60, 0),
(900004, 25315, 6500, 0, 0, 10929, 0, 0, 60, 0),
(900004, 25316, 6500, 0, 0, 10961, 0, 0, 60, 0),
(900004, 25331, 110000, 0, 0, 27801, 0, 0, 68, 0),
(900004, 25363, 53000, 0, 0, 10934, 0, 0, 61, 0),
(900004, 25364, 65000, 0, 0, 25363, 0, 0, 69, 0),
(900004, 25367, 80000, 0, 0, 10894, 0, 0, 65, 0),
(900004, 25368, 140000, 0, 0, 25367, 0, 0, 70, 0),
(900004, 25372, 65000, 0, 0, 10947, 0, 0, 63, 0),
(900004, 25375, 65000, 0, 0, 25372, 0, 0, 69, 0),
(900004, 25384, 65000, 0, 0, 15261, 0, 0, 66, 0),
(900004, 25387, 6500, 0, 0, 18807, 0, 0, 68, 0),
(900004, 25389, 65000, 0, 0, 10938, 0, 0, 70, 0),
(900004, 25392, 100000, 0, 0, 21564, 0, 0, 70, 0),
(900004, 25431, 65000, 0, 0, 10952, 0, 0, 69, 0),
(900004, 25433, 110000, 0, 0, 10958, 0, 0, 68, 0),
(900004, 25435, 110000, 0, 0, 20770, 0, 0, 68, 0),
(900004, 25437, 2200, 0, 0, 19243, 0, 0, 66, 0),
(900004, 25467, 110000, 0, 0, 19280, 0, 0, 68, 0),
(900004, 27681, 2300, 0, 0, 14752, 0, 0, 60, 0),
(900004, 27683, 42000, 0, 0, 0, 0, 0, 56, 0),
(900004, 27799, 24000, 0, 0, 15431, 0, 0, 44, 0),
(900004, 27800, 38000, 0, 0, 27799, 0, 0, 52, 0),
(900004, 27801, 46000, 0, 0, 27800, 0, 0, 60, 0),
(900004, 27841, 2300, 0, 0, 14819, 0, 0, 60, 0),
(900004, 27870, 1200, 0, 0, 724, 0, 0, 50, 0),
(900004, 27871, 1500, 0, 0, 27870, 0, 0, 60, 0),
(900004, 28275, 1500, 0, 0, 27871, 0, 0, 70, 0),
(900004, 32375, 110000, 0, 0, 0, 0, 0, 70, 0),
(900004, 32379, 59000, 0, 0, 0, 0, 0, 62, 0),
(900004, 32546, 72000, 0, 0, 0, 0, 0, 64, 0),
(900004, 32996, 110000, 0, 0, 32379, 0, 0, 70, 0),
(900004, 32999, 3400, 0, 0, 27681, 0, 0, 70, 0),
(900004, 33076, 110000, 0, 0, 0, 0, 0, 68, 0),
(900004, 34433, 89000, 0, 0, 0, 0, 0, 66, 0),
(900004, 34863, 2100, 0, 0, 34861, 0, 0, 56, 0),
(900004, 34864, 2300, 0, 0, 34863, 0, 0, 60, 0),
(900004, 34865, 4000, 0, 0, 34864, 0, 0, 65, 0),
(900004, 34866, 7000, 0, 0, 34865, 0, 0, 70, 0),
(900004, 34916, 2300, 0, 0, 34914, 0, 0, 60, 0),
(900004, 34917, 2300, 0, 0, 34916, 0, 0, 70, 0),
(900004, 39374, 100000, 0, 0, 27683, 0, 0, 70, 0),
(900004, 48040, 180000, 0, 0, 25431, 0, 0, 71, 0),
(900004, 48045, 10000, 0, 0, 0, 0, 0, 75, 0),
(900004, 48062, 180000, 0, 0, 25213, 0, 0, 73, 0),
(900004, 48063, 180000, 0, 0, 48062, 0, 0, 78, 0),
(900004, 48065, 180000, 0, 0, 25218, 0, 0, 75, 0),
(900004, 48066, 180000, 0, 0, 48065, 0, 0, 80, 0),
(900004, 48067, 180000, 0, 0, 25222, 0, 0, 75, 0),
(900004, 48068, 180000, 0, 0, 48067, 0, 0, 80, 0),
(900004, 48070, 180000, 0, 0, 25235, 0, 0, 73, 0),
(900004, 48071, 180000, 0, 0, 48070, 0, 0, 79, 0),
(900004, 48072, 180000, 0, 0, 25308, 0, 0, 76, 0),
(900004, 48073, 9000, 0, 0, 25312, 0, 0, 80, 0),
(900004, 48074, 9000, 0, 0, 32999, 0, 0, 80, 0),
(900004, 48077, 180000, 0, 0, 25331, 0, 0, 75, 0),
(900004, 48078, 180000, 0, 0, 48077, 0, 0, 80, 0),
(900004, 48086, 9000, 0, 0, 28275, 0, 0, 75, 0),
(900004, 48087, 9000, 0, 0, 48086, 0, 0, 80, 0),
(900004, 48088, 9000, 0, 0, 34866, 0, 0, 75, 0),
(900004, 48089, 9000, 0, 0, 48088, 0, 0, 80, 0),
(900004, 48112, 100000, 0, 0, 33076, 0, 0, 74, 0),
(900004, 48113, 180000, 0, 0, 48112, 0, 0, 79, 0),
(900004, 48119, 180000, 0, 0, 32546, 0, 0, 72, 0),
(900004, 48120, 180000, 0, 0, 48119, 0, 0, 78, 0),
(900004, 48122, 180000, 0, 0, 25364, 0, 0, 74, 0),
(900004, 48123, 180000, 0, 0, 48122, 0, 0, 79, 0),
(900004, 48124, 180000, 0, 0, 25368, 0, 0, 75, 0),
(900004, 48125, 180000, 0, 0, 48124, 0, 0, 80, 0),
(900004, 48126, 180000, 0, 0, 25375, 0, 0, 74, 0),
(900004, 48127, 180000, 0, 0, 48126, 0, 0, 79, 0),
(900004, 48134, 180000, 0, 0, 25384, 0, 0, 72, 0),
(900004, 48135, 180000, 0, 0, 48134, 0, 0, 78, 0),
(900004, 48155, 9000, 0, 0, 25387, 0, 0, 74, 0),
(900004, 48156, 9000, 0, 0, 48155, 0, 0, 80, 0),
(900004, 48157, 180000, 0, 0, 32996, 0, 0, 75, 0),
(900004, 48158, 180000, 0, 0, 48157, 0, 0, 80, 0),
(900004, 48159, 9000, 0, 0, 34917, 0, 0, 75, 0),
(900004, 48160, 9000, 0, 0, 48159, 0, 0, 80, 0),
(900004, 48161, 180000, 0, 0, 25389, 0, 0, 80, 0),
(900004, 48162, 180000, 0, 0, 25392, 0, 0, 80, 0),
(900004, 48168, 180000, 0, 0, 48040, 0, 0, 77, 0),
(900004, 48169, 180000, 0, 0, 25433, 0, 0, 76, 0),
(900004, 48170, 180000, 0, 0, 39374, 0, 0, 77, 0),
(900004, 48171, 180000, 0, 0, 25435, 0, 0, 78, 0),
(900004, 48172, 3250, 0, 0, 25437, 0, 0, 73, 0),
(900004, 48173, 9000, 0, 0, 48172, 0, 0, 80, 0),
(900004, 48299, 180000, 0, 0, 25467, 0, 0, 73, 0),
(900004, 48300, 180000, 0, 0, 48299, 0, 0, 79, 0),
(900004, 53005, 5000, 0, 0, 47540, 0, 0, 70, 0),
(900004, 53006, 9000, 0, 0, 53005, 0, 0, 75, 0),
(900004, 53007, 9000, 0, 0, 53006, 0, 0, 80, 0),
(900004, 53023, 100000, 0, 0, 48045, 0, 0, 80, 0),
(900004, 64843, 180000, 0, 0, 0, 0, 0, 80, 0),
(900004, 64901, 65000, 0, 0, 0, 0, 0, 80, 0),
(900004, 17, 100, 0, 0, 0, 0, 0, 6, 0),
(900004, 589, 100, 0, 0, 0, 0, 0, 4, 0),
(900004, 591, 100, 0, 0, 585, 0, 0, 6, 0),
(900004, 1243, 10, 0, 0, 0, 0, 0, 1, 0),
(900004, 2052, 100, 0, 0, 2050, 0, 0, 4, 0),


(900005, 3714, 61000, 0, 0, 0, 0, 0, 61, 0),
(900005, 42650, 360000, 0, 0, 0, 0, 0, 80, 0),
(900005, 43265, 6000, 0, 0, 0, 0, 0, 60, 0),
(900005, 45463, 63000, 0, 0, 49999, 0, 0, 70, 0),
(900005, 45524, 5800, 0, 0, 0, 0, 0, 58, 0),
(900005, 45529, 64000, 0, 0, 0, 0, 0, 64, 0),
(900005, 46584, 5600, 0, 0, 0, 0, 0, 56, 0),
(900005, 47476, 5900, 0, 0, 0, 0, 0, 59, 0),
(900005, 47528, 5700, 0, 0, 0, 0, 0, 57, 0),
(900005, 47568, 360000, 0, 0, 0, 0, 0, 75, 0),
(900005, 48263, 5700, 0, 0, 0, 0, 0, 57, 0),
(900005, 48265, 360000, 0, 0, 0, 0, 0, 70, 0),
(900005, 48707, 68000, 0, 0, 0, 0, 0, 68, 0),
(900005, 48721, 5800, 0, 0, 0, 0, 0, 58, 0),
(900005, 48743, 66000, 0, 0, 0, 0, 0, 66, 0),
(900005, 48792, 62000, 0, 0, 0, 0, 0, 62, 0),
(900005, 49020, 61000, 0, 0, 0, 0, 0, 61, 0),
(900005, 49892, 59000, 0, 0, 47541, 0, 0, 62, 0),
(900005, 49893, 68000, 0, 0, 49892, 0, 0, 68, 0),
(900005, 49894, 360000, 0, 0, 49893, 0, 0, 76, 0),
(900005, 49895, 360000, 0, 0, 49894, 0, 0, 80, 0),
(900005, 49896, 61000, 0, 0, 45477, 0, 0, 61, 0),
(900005, 49903, 67000, 0, 0, 49896, 0, 0, 67, 0),
(900005, 49904, 360000, 0, 0, 49903, 0, 0, 73, 0),
(900005, 49909, 360000, 0, 0, 49904, 0, 0, 78, 0),
(900005, 49917, 5800, 0, 0, 45462, 0, 0, 60, 0),
(900005, 49918, 65000, 0, 0, 49917, 0, 0, 65, 0),
(900005, 49919, 360000, 0, 0, 49918, 0, 0, 70, 0),
(900005, 49920, 360000, 0, 0, 49919, 0, 0, 75, 0),
(900005, 49921, 360000, 0, 0, 49920, 0, 0, 80, 0),
(900005, 49923, 360000, 0, 0, 45463, 0, 0, 75, 0),
(900005, 49924, 360000, 0, 0, 49923, 0, 0, 80, 0),
(900005, 49926, 5900, 0, 0, 45902, 0, 0, 59, 0),
(900005, 49927, 64000, 0, 0, 49926, 0, 0, 64, 0),
(900005, 49928, 69000, 0, 0, 49927, 0, 0, 69, 0),
(900005, 49929, 360000, 0, 0, 49928, 0, 0, 74, 0),
(900005, 49930, 360000, 0, 0, 49929, 0, 0, 80, 0),
(900005, 49936, 68000, 0, 0, 43265, 0, 0, 67, 0),
(900005, 49937, 360000, 0, 0, 49936, 0, 0, 73, 0),
(900005, 49938, 360000, 0, 0, 49937, 0, 0, 80, 0),
(900005, 49939, 66000, 0, 0, 48721, 0, 0, 66, 0),
(900005, 49940, 360000, 0, 0, 49939, 0, 0, 72, 0),
(900005, 49941, 360000, 0, 0, 49940, 0, 0, 78, 0),
(900005, 49998, 5600, 0, 0, 0, 0, 0, 56, 0),
(900005, 49999, 65000, 0, 0, 49998, 0, 0, 63, 0),
(900005, 50842, 5600, 0, 0, 0, 0, 0, 56, 0),
(900005, 51325, 300, 0, 0, 49158, 0, 0, 60, 0),
(900005, 51326, 18000, 0, 0, 51325, 0, 0, 70, 0),
(900005, 51327, 18000, 0, 0, 51326, 0, 0, 75, 0),
(900005, 51328, 18000, 0, 0, 51327, 0, 0, 80, 0),
(900005, 51409, 6500, 0, 0, 49184, 0, 0, 70, 0),
(900005, 51410, 10000, 0, 0, 51409, 0, 0, 75, 0),
(900005, 51411, 10000, 0, 0, 51410, 0, 0, 80, 0),
(900005, 51416, 6200, 0, 0, 49143, 0, 0, 60, 0),
(900005, 51417, 3250, 0, 0, 51416, 0, 0, 65, 0),
(900005, 51418, 18000, 0, 0, 51417, 0, 0, 70, 0),
(900005, 51419, 18000, 0, 0, 51418, 0, 0, 75, 0),
(900005, 51423, 67000, 0, 0, 49020, 0, 0, 67, 0),
(900005, 51424, 360000, 0, 0, 51423, 0, 0, 73, 0),
(900005, 51425, 360000, 0, 0, 51424, 0, 0, 79, 0),
(900005, 53323, 63000, 0, 0, 0, 0, 0, 63, 0),
(900005, 53331, 6000, 0, 0, 0, 0, 0, 60, 0),
(900005, 53341, 55000, 0, 0, 0, 0, 0, 55, 0),
(900005, 53342, 5700, 0, 0, 0, 0, 0, 57, 0),
(900005, 53343, 55000, 0, 0, 0, 0, 0, 55, 0),
(900005, 53344, 360000, 0, 0, 0, 0, 0, 70, 0),
(900005, 54446, 68000, 0, 0, 0, 0, 0, 63, 0),
(900005, 54447, 5700, 0, 0, 0, 0, 0, 57, 0),
(900005, 55258, 5900, 0, 0, 55050, 0, 0, 59, 0),
(900005, 55259, 3200, 0, 0, 55258, 0, 0, 64, 0),
(900005, 55260, 3450, 0, 0, 55259, 0, 0, 69, 0),
(900005, 55261, 18000, 0, 0, 55260, 0, 0, 74, 0),
(900005, 55262, 18000, 0, 0, 55261, 0, 0, 80, 0),
(900005, 55265, 18000, 0, 0, 55090, 0, 0, 67, 0),
(900005, 55268, 18000, 0, 0, 51419, 0, 0, 80, 0),
(900005, 55270, 18000, 0, 0, 55265, 0, 0, 73, 0),
(900005, 55271, 18000, 0, 0, 55270, 0, 0, 79, 0),
(900005, 56222, 65000, 0, 0, 0, 0, 0, 65, 0),
(900005, 56815, 67000, 0, 0, 0, 0, 0, 67, 0),
(900005, 57330, 65000, 0, 0, 0, 0, 0, 65, 0),
(900005, 57623, 360000, 0, 0, 57330, 0, 0, 75, 0),
(900005, 61999, 360000, 0, 0, 0, 0, 0, 72, 0),
(900005, 62158, 360000, 0, 0, 0, 0, 0, 72, 0),
(900005, 70164, 360000, 0, 0, 0, 0, 0, 72, 0),


(900006, 131, 3000, 0, 0, 0, 0, 0, 22, 0),
(900006, 324, 100, 0, 0, 0, 0, 0, 8, 0),
(900006, 325, 1800, 0, 0, 324, 0, 0, 16, 0),
(900006, 332, 100, 0, 0, 331, 0, 0, 6, 0),
(900006, 370, 800, 0, 0, 0, 0, 0, 12, 0),
(900006, 421, 8000, 0, 0, 0, 0, 0, 32, 0),
(900006, 526, 1800, 0, 0, 0, 0, 0, 16, 0),
(900006, 529, 100, 0, 0, 403, 0, 0, 8, 0),
(900006, 546, 6000, 0, 0, 0, 0, 0, 28, 0),
(900006, 547, 800, 0, 0, 332, 0, 0, 12, 0),
(900006, 548, 900, 0, 0, 529, 0, 0, 14, 0),
(900006, 556, 7000, 0, 0, 0, 0, 0, 30, 0),
(900006, 905, 3500, 0, 0, 325, 0, 0, 24, 0),
(900006, 913, 2000, 0, 0, 547, 0, 0, 18, 0),
(900006, 915, 2200, 0, 0, 548, 0, 0, 20, 0),
(900006, 930, 12000, 0, 0, 421, 0, 0, 40, 0),
(900006, 939, 3500, 0, 0, 913, 0, 0, 24, 0),
(900006, 943, 4000, 0, 0, 915, 0, 0, 26, 0),
(900006, 945, 8000, 0, 0, 905, 0, 0, 32, 0),
(900006, 959, 8000, 0, 0, 939, 0, 0, 32, 0),
(900006, 1064, 12000, 0, 0, 0, 0, 0, 40, 0),
(900006, 1535, 800, 0, 0, 0, 0, 0, 12, 0),
(900006, 2008, 800, 0, 0, 0, 0, 0, 12, 0),
(900006, 2062, 58000, 0, 0, 0, 0, 0, 66, 0),
(900006, 2484, 100, 0, 0, 0, 0, 0, 6, 0),
(900006, 2645, 2200, 0, 0, 0, 0, 0, 16, 0),
(900006, 2825, 88000, 0, 0, 0, 0, 0, 70, 0),
(900006, 2860, 22000, 0, 0, 930, 0, 0, 48, 0),
(900006, 2894, 71000, 0, 0, 0, 0, 0, 68, 0),
(900006, 3738, 47000, 0, 0, 0, 0, 0, 64, 0),
(900006, 5675, 4000, 0, 0, 0, 0, 0, 26, 0),
(900006, 5730, 100, 0, 0, 0, 0, 0, 8, 0),
(900006, 6041, 8000, 0, 0, 943, 0, 0, 32, 0),
(900006, 6196, 4000, 0, 0, 0, 0, 0, 26, 0),
(900006, 6363, 2200, 0, 0, 3599, 0, 0, 20, 0),
(900006, 6364, 7000, 0, 0, 6363, 0, 0, 30, 0),
(900006, 6365, 12000, 0, 0, 6364, 0, 0, 40, 0),
(900006, 6375, 7000, 0, 0, 5394, 0, 0, 30, 0),
(900006, 6377, 12000, 0, 0, 6375, 0, 0, 40, 0),
(900006, 6390, 2000, 0, 0, 5730, 0, 0, 18, 0),
(900006, 6391, 6000, 0, 0, 6390, 0, 0, 28, 0),
(900006, 6392, 11000, 0, 0, 6391, 0, 0, 38, 0),
(900006, 6495, 9000, 0, 0, 0, 0, 0, 34, 0),
(900006, 8004, 2200, 0, 0, 0, 0, 0, 20, 0),
(900006, 8005, 12000, 0, 0, 959, 0, 0, 40, 0),
(900006, 8008, 6000, 0, 0, 8004, 0, 0, 28, 0),
(900006, 8010, 10000, 0, 0, 8008, 0, 0, 36, 0),
(900006, 8012, 8000, 0, 0, 370, 0, 0, 32, 0),
(900006, 8017, 10, 0, 0, 0, 0, 0, 1, 0),
(900006, 8018, 100, 0, 0, 8017, 0, 0, 8, 0),
(900006, 8019, 1800, 0, 0, 8018, 0, 0, 16, 0),
(900006, 8024, 400, 0, 0, 0, 0, 0, 10, 0),
(900006, 8027, 2000, 0, 0, 8024, 0, 0, 18, 0),
(900006, 8030, 4000, 0, 0, 8027, 0, 0, 26, 0),
(900006, 8033, 2200, 0, 0, 0, 0, 0, 20, 0),
(900006, 8038, 6000, 0, 0, 8033, 0, 0, 28, 0),
(900006, 8042, 100, 0, 0, 0, 0, 0, 4, 0),
(900006, 8044, 100, 0, 0, 8042, 0, 0, 8, 0),
(900006, 8045, 900, 0, 0, 8044, 0, 0, 14, 0),
(900006, 8046, 3500, 0, 0, 8045, 0, 0, 24, 0),
(900006, 8050, 400, 0, 0, 0, 0, 0, 10, 0),
(900006, 8052, 2000, 0, 0, 8050, 0, 0, 18, 0),
(900006, 8053, 6000, 0, 0, 8052, 0, 0, 28, 0),
(900006, 8056, 2200, 0, 0, 0, 0, 0, 20, 0),
(900006, 8058, 9000, 0, 0, 8056, 0, 0, 34, 0),
(900006, 8075, 400, 0, 0, 0, 0, 0, 10, 0),
(900006, 8134, 12000, 0, 0, 945, 0, 0, 40, 0),
(900006, 8143, 2000, 0, 0, 0, 0, 0, 18, 0),
(900006, 8154, 900, 0, 0, 8071, 0, 0, 14, 0),
(900006, 8155, 3500, 0, 0, 8154, 0, 0, 24, 0),
(900006, 8160, 3500, 0, 0, 8075, 0, 0, 24, 0),
(900006, 8161, 11000, 0, 0, 8160, 0, 0, 38, 0),
(900006, 8170, 11000, 0, 0, 0, 0, 0, 38, 0),
(900006, 8177, 7000, 0, 0, 0, 0, 0, 30, 0),
(900006, 8181, 3500, 0, 0, 0, 0, 0, 24, 0),
(900006, 8184, 6000, 0, 0, 0, 0, 0, 28, 0),
(900006, 8190, 4000, 0, 0, 0, 0, 0, 26, 0),
(900006, 8227, 6000, 0, 0, 0, 0, 0, 28, 0),
(900006, 8232, 7000, 0, 0, 0, 0, 0, 30, 0),
(900006, 8235, 12000, 0, 0, 8232, 0, 0, 40, 0),
(900006, 8249, 11000, 0, 0, 8227, 0, 0, 38, 0),
(900006, 8498, 3000, 0, 0, 1535, 0, 0, 22, 0),
(900006, 8499, 8000, 0, 0, 8498, 0, 0, 32, 0),
(900006, 8512, 8000, 0, 0, 0, 0, 0, 32, 0),
(900006, 8737, 12000, 0, 0, 0, 0, 0, 40, 0),
(900006, 10391, 11000, 0, 0, 6041, 0, 0, 38, 0),
(900006, 10392, 18000, 0, 0, 10391, 0, 0, 44, 0),
(900006, 10395, 22000, 0, 0, 8005, 0, 0, 48, 0),
(900006, 10396, 30000, 0, 0, 10395, 0, 0, 56, 0),
(900006, 10399, 3500, 0, 0, 8019, 0, 0, 24, 0),
(900006, 10406, 9000, 0, 0, 8155, 0, 0, 34, 0),
(900006, 10407, 18000, 0, 0, 10406, 0, 0, 44, 0),
(900006, 10408, 29000, 0, 0, 10407, 0, 0, 54, 0),
(900006, 10412, 10000, 0, 0, 8046, 0, 0, 36, 0),
(900006, 10413, 22000, 0, 0, 10412, 0, 0, 48, 0),
(900006, 10414, 34000, 0, 0, 10413, 0, 0, 60, 0),
(900006, 10427, 22000, 0, 0, 6392, 0, 0, 48, 0),
(900006, 10428, 32000, 0, 0, 10427, 0, 0, 58, 0),
(900006, 10431, 22000, 0, 0, 8134, 0, 0, 48, 0),
(900006, 10432, 30000, 0, 0, 10431, 0, 0, 56, 0),
(900006, 10437, 24000, 0, 0, 6365, 0, 0, 50, 0),
(900006, 10438, 34000, 0, 0, 10437, 0, 0, 60, 0),
(900006, 10442, 27000, 0, 0, 8161, 0, 0, 52, 0),
(900006, 10447, 12000, 0, 0, 8053, 0, 0, 40, 0),
(900006, 10448, 27000, 0, 0, 10447, 0, 0, 52, 0),
(900006, 10456, 11000, 0, 0, 8038, 0, 0, 38, 0),
(900006, 10462, 24000, 0, 0, 6377, 0, 0, 50, 0),
(900006, 10463, 34000, 0, 0, 10462, 0, 0, 60, 0),
(900006, 10466, 18000, 0, 0, 8010, 0, 0, 44, 0),
(900006, 10467, 27000, 0, 0, 10466, 0, 0, 52, 0),
(900006, 10468, 34000, 0, 0, 10467, 0, 0, 60, 0),
(900006, 10472, 20000, 0, 0, 8058, 0, 0, 46, 0),
(900006, 10473, 32000, 0, 0, 10472, 0, 0, 58, 0),
(900006, 10478, 11000, 0, 0, 8181, 0, 0, 38, 0),
(900006, 10479, 29000, 0, 0, 10478, 0, 0, 54, 0),
(900006, 10486, 24000, 0, 0, 8235, 0, 0, 50, 0),
(900006, 10495, 10000, 0, 0, 5675, 0, 0, 36, 0),
(900006, 10496, 20000, 0, 0, 10495, 0, 0, 46, 0),
(900006, 10497, 30000, 0, 0, 10496, 0, 0, 56, 0),
(900006, 10526, 22000, 0, 0, 8249, 0, 0, 48, 0),
(900006, 10537, 16000, 0, 0, 8184, 0, 0, 42, 0),
(900006, 10538, 32000, 0, 0, 10537, 0, 0, 58, 0),
(900006, 10585, 10000, 0, 0, 8190, 0, 0, 36, 0),
(900006, 10586, 20000, 0, 0, 10585, 0, 0, 46, 0),
(900006, 10587, 30000, 0, 0, 10586, 0, 0, 56, 0),
(900006, 10595, 7000, 0, 0, 0, 0, 0, 30, 0),
(900006, 10600, 18000, 0, 0, 10595, 0, 0, 44, 0),
(900006, 10601, 34000, 0, 0, 10600, 0, 0, 60, 0),
(900006, 10605, 30000, 0, 0, 2860, 0, 0, 56, 0),
(900006, 10622, 20000, 0, 0, 1064, 0, 0, 46, 0),
(900006, 10623, 29000, 0, 0, 10622, 0, 0, 54, 0),
(900006, 11314, 16000, 0, 0, 8499, 0, 0, 42, 0),
(900006, 11315, 27000, 0, 0, 11314, 0, 0, 52, 0),
(900006, 15207, 24000, 0, 0, 10392, 0, 0, 50, 0),
(900006, 15208, 30000, 0, 0, 15207, 0, 0, 56, 0),
(900006, 16339, 10000, 0, 0, 8030, 0, 0, 36, 0),
(900006, 16341, 20000, 0, 0, 16339, 0, 0, 46, 0),
(900006, 16342, 30000, 0, 0, 16341, 0, 0, 56, 0),
(900006, 16355, 22000, 0, 0, 10456, 0, 0, 48, 0),
(900006, 16356, 32000, 0, 0, 16355, 0, 0, 58, 0),
(900006, 16362, 34000, 0, 0, 10486, 0, 0, 60, 0),
(900006, 16387, 32000, 0, 0, 10526, 0, 0, 58, 0),
(900006, 20608, 7000, 0, 0, 0, 0, 0, 30, 0),
(900006, 20609, 3500, 0, 0, 2008, 0, 0, 24, 0),
(900006, 20610, 10000, 0, 0, 20609, 0, 0, 36, 0),
(900006, 20776, 22000, 0, 0, 20610, 0, 0, 48, 0),
(900006, 20777, 34000, 0, 0, 20776, 0, 0, 60, 0),
(900006, 24398, 38000, 0, 0, 52138, 0, 0, 62, 0),
(900006, 25357, 6500, 0, 0, 10396, 0, 0, 60, 0),
(900006, 25361, 34000, 0, 0, 10442, 0, 0, 60, 0),
(900006, 25391, 42000, 0, 0, 25357, 0, 0, 63, 0),
(900006, 25396, 88000, 0, 0, 25391, 0, 0, 70, 0),
(900006, 25420, 58000, 0, 0, 10468, 0, 0, 66, 0),
(900006, 25422, 34000, 0, 0, 10623, 0, 0, 61, 0),
(900006, 25423, 71000, 0, 0, 25422, 0, 0, 68, 0),
(900006, 25439, 42000, 0, 0, 10605, 0, 0, 63, 0),
(900006, 25442, 88000, 0, 0, 25439, 0, 0, 70, 0),
(900006, 25448, 38000, 0, 0, 15208, 0, 0, 62, 0),
(900006, 25449, 64000, 0, 0, 25448, 0, 0, 67, 0),
(900006, 25454, 79000, 0, 0, 10414, 0, 0, 69, 0),
(900006, 25457, 88000, 0, 0, 29228, 0, 0, 70, 0),
(900006, 25464, 71000, 0, 0, 10473, 0, 0, 68, 0),
(900006, 25469, 42000, 0, 0, 10432, 0, 0, 63, 0),
(900006, 25472, 88000, 0, 0, 25469, 0, 0, 70, 0),
(900006, 25489, 47000, 0, 0, 16342, 0, 0, 64, 0),
(900006, 25500, 58000, 0, 0, 16356, 0, 0, 66, 0),
(900006, 25505, 71000, 0, 0, 16362, 0, 0, 68, 0),
(900006, 25508, 42000, 0, 0, 10408, 0, 0, 63, 0),
(900006, 25509, 88000, 0, 0, 25508, 0, 0, 70, 0),
(900006, 25525, 64000, 0, 0, 10428, 0, 0, 67, 0),
(900006, 25528, 52000, 0, 0, 25361, 0, 0, 65, 0),
(900006, 25533, 79000, 0, 0, 10438, 0, 0, 69, 0),
(900006, 25546, 34000, 0, 0, 11315, 0, 0, 61, 0),
(900006, 25547, 88000, 0, 0, 25546, 0, 0, 70, 0),
(900006, 25552, 52000, 0, 0, 10587, 0, 0, 65, 0),
(900006, 25557, 64000, 0, 0, 16387, 0, 0, 67, 0),
(900006, 25560, 64000, 0, 0, 10479, 0, 0, 67, 0),
(900006, 25563, 71000, 0, 0, 10538, 0, 0, 68, 0),
(900006, 25567, 79000, 0, 0, 10463, 0, 0, 69, 0),
(900006, 25570, 52000, 0, 0, 10497, 0, 0, 65, 0),
(900006, 25574, 79000, 0, 0, 10601, 0, 0, 69, 0),
(900006, 25590, 79000, 0, 0, 20777, 0, 0, 69, 0),
(900006, 29228, 65000, 0, 0, 10448, 0, 0, 60, 0),
(900006, 32182, 88000, 0, 0, 0, 0, 0, 70, 0),
(900006, 32593, 1700, 0, 0, 974, 0, 0, 60, 0),
(900006, 32594, 5000, 0, 0, 32593, 0, 0, 70, 0),
(900006, 33736, 79000, 0, 0, 24398, 0, 0, 69, 0),
(900006, 36936, 7000, 0, 0, 0, 0, 0, 30, 0),
(900006, 49230, 180000, 0, 0, 25454, 0, 0, 74, 0),
(900006, 49231, 180000, 0, 0, 49230, 0, 0, 79, 0),
(900006, 49232, 180000, 0, 0, 25457, 0, 0, 75, 0),
(900006, 49233, 180000, 0, 0, 49232, 0, 0, 80, 0),
(900006, 49235, 180000, 0, 0, 25464, 0, 0, 73, 0),
(900006, 49236, 180000, 0, 0, 49235, 0, 0, 78, 0),
(900006, 49237, 180000, 0, 0, 25449, 0, 0, 73, 0),
(900006, 49238, 180000, 0, 0, 49237, 0, 0, 79, 0),
(900006, 49270, 180000, 0, 0, 25442, 0, 0, 74, 0),
(900006, 49271, 180000, 0, 0, 49270, 0, 0, 80, 0),
(900006, 49272, 180000, 0, 0, 25396, 0, 0, 75, 0),
(900006, 49273, 180000, 0, 0, 49272, 0, 0, 80, 0),
(900006, 49275, 180000, 0, 0, 25420, 0, 0, 72, 0),
(900006, 49276, 180000, 0, 0, 49275, 0, 0, 77, 0),
(900006, 49277, 180000, 0, 0, 25590, 0, 0, 80, 0),
(900006, 49280, 180000, 0, 0, 25472, 0, 0, 75, 0),
(900006, 49281, 180000, 0, 0, 49280, 0, 0, 80, 0),
(900006, 49283, 9000, 0, 0, 32594, 0, 0, 75, 0),
(900006, 49284, 9000, 0, 0, 49283, 0, 0, 80, 0),
(900006, 51505, 180000, 0, 0, 0, 0, 0, 75, 0),
(900006, 51514, 180000, 0, 0, 0, 0, 0, 80, 0),
(900006, 51730, 7000, 0, 0, 0, 0, 0, 30, 0),
(900006, 51988, 12000, 0, 0, 51730, 0, 0, 40, 0),
(900006, 51991, 24000, 0, 0, 51988, 0, 0, 50, 0),
(900006, 51992, 34000, 0, 0, 51991, 0, 0, 60, 0),
(900006, 51993, 71000, 0, 0, 51992, 0, 0, 70, 0),
(900006, 51994, 180000, 0, 0, 51993, 0, 0, 80, 0),
(900006, 52127, 2200, 0, 0, 0, 0, 0, 20, 0),
(900006, 52129, 6000, 0, 0, 52127, 0, 0, 28, 0),
(900006, 52131, 9000, 0, 0, 52129, 0, 0, 34, 0),
(900006, 52134, 12000, 0, 0, 52131, 0, 0, 41, 0),
(900006, 52136, 22000, 0, 0, 52134, 0, 0, 48, 0),
(900006, 52138, 29000, 0, 0, 52136, 0, 0, 55, 0),
(900006, 55458, 180000, 0, 0, 25423, 0, 0, 74, 0),
(900006, 55459, 180000, 0, 0, 55458, 0, 0, 80, 0),
(900006, 57622, 180000, 0, 0, 25528, 0, 0, 75, 0),
(900006, 57720, 3400, 0, 0, 30706, 0, 0, 60, 0),
(900006, 57721, 5200, 0, 0, 57720, 0, 0, 70, 0),
(900006, 57722, 10000, 0, 0, 57721, 0, 0, 80, 0),
(900006, 57960, 180000, 0, 0, 33736, 0, 0, 76, 0),
(900006, 57994, 2500, 0, 0, 0, 0, 0, 16, 0),
(900006, 58580, 180000, 0, 0, 25525, 0, 0, 71, 0),
(900006, 58581, 180000, 0, 0, 58580, 0, 0, 75, 0),
(900006, 58582, 180000, 0, 0, 58581, 0, 0, 78, 0),
(900006, 58643, 180000, 0, 0, 57622, 0, 0, 80, 0),
(900006, 58649, 180000, 0, 0, 25557, 0, 0, 71, 0),
(900006, 58652, 180000, 0, 0, 58649, 0, 0, 75, 0),
(900006, 58656, 180000, 0, 0, 58652, 0, 0, 80, 0),
(900006, 58699, 180000, 0, 0, 25533, 0, 0, 71, 0),
(900006, 58703, 180000, 0, 0, 58699, 0, 0, 75, 0),
(900006, 58704, 180000, 0, 0, 58703, 0, 0, 80, 0),
(900006, 58731, 180000, 0, 0, 25552, 0, 0, 73, 0),
(900006, 58734, 180000, 0, 0, 58731, 0, 0, 78, 0),
(900006, 58737, 180000, 0, 0, 25563, 0, 0, 75, 0),
(900006, 58739, 180000, 0, 0, 58737, 0, 0, 80, 0),
(900006, 58741, 180000, 0, 0, 25560, 0, 0, 75, 0),
(900006, 58745, 180000, 0, 0, 58741, 0, 0, 80, 0),
(900006, 58746, 180000, 0, 0, 25574, 0, 0, 75, 0),
(900006, 58749, 180000, 0, 0, 58746, 0, 0, 80, 0),
(900006, 58751, 180000, 0, 0, 25509, 0, 0, 73, 0),
(900006, 58753, 180000, 0, 0, 58751, 0, 0, 78, 0),
(900006, 58755, 180000, 0, 0, 25567, 0, 0, 71, 0),
(900006, 58756, 180000, 0, 0, 58755, 0, 0, 76, 0),
(900006, 58757, 180000, 0, 0, 58756, 0, 0, 80, 0),
(900006, 58771, 180000, 0, 0, 25570, 0, 0, 71, 0),
(900006, 58773, 180000, 0, 0, 58771, 0, 0, 76, 0),
(900006, 58774, 180000, 0, 0, 58773, 0, 0, 80, 0),
(900006, 58785, 180000, 0, 0, 25489, 0, 0, 71, 0),
(900006, 58789, 180000, 0, 0, 58785, 0, 0, 76, 0),
(900006, 58790, 180000, 0, 0, 58789, 0, 0, 80, 0),
(900006, 58794, 180000, 0, 0, 25500, 0, 0, 71, 0),
(900006, 58795, 180000, 0, 0, 58794, 0, 0, 76, 0),
(900006, 58796, 180000, 0, 0, 58795, 0, 0, 80, 0),
(900006, 58801, 180000, 0, 0, 25505, 0, 0, 71, 0),
(900006, 58803, 180000, 0, 0, 58801, 0, 0, 76, 0),
(900006, 58804, 180000, 0, 0, 58803, 0, 0, 80, 0),
(900006, 59156, 88000, 0, 0, 51490, 0, 0, 70, 0),
(900006, 59158, 180000, 0, 0, 59156, 0, 0, 75, 0),
(900006, 59159, 180000, 0, 0, 59158, 0, 0, 80, 0),
(900006, 60043, 180000, 0, 0, 51505, 0, 0, 80, 0),
(900006, 61299, 9000, 0, 0, 61295, 0, 0, 70, 0),
(900006, 61300, 9000, 0, 0, 61299, 0, 0, 75, 0),
(900006, 61301, 9000, 0, 0, 61300, 0, 0, 80, 0),
(900006, 61649, 180000, 0, 0, 25547, 0, 0, 75, 0),
(900006, 61657, 180000, 0, 0, 61649, 0, 0, 80, 0),
(900006, 66842, 700, 0, 0, 0, 0, 0, 30, 0),
(900006, 66843, 700, 0, 0, 0, 0, 0, 40, 0),
(900006, 66844, 700, 0, 0, 0, 0, 0, 50, 0),
(900006, 332, 100, 0, 0, 331, 0, 0, 6, 0),
(900006, 2484, 100, 0, 0, 0, 0, 0, 6, 0),
(900006, 8017, 10, 0, 0, 0, 0, 0, 1, 0),
(900006, 8042, 100, 0, 0, 0, 0, 0, 4, 0),


(900007, 10, 2000, 0, 0, 0, 0, 0, 20, 0),
(900007, 66, 96000, 0, 0, 0, 0, 0, 68, 0),
(900007, 116, 100, 0, 0, 0, 0, 0, 4, 0),
(900007, 118, 200, 0, 0, 0, 0, 0, 8, 0),
(900007, 120, 5000, 0, 0, 0, 0, 0, 26, 0),
(900007, 122, 400, 0, 0, 0, 0, 0, 10, 0),
(900007, 130, 600, 0, 0, 0, 0, 0, 12, 0),
(900007, 143, 100, 0, 0, 133, 0, 0, 6, 0),
(900007, 145, 600, 0, 0, 143, 0, 0, 12, 0),
(900007, 205, 200, 0, 0, 116, 0, 0, 8, 0),
(900007, 475, 1800, 0, 0, 0, 0, 0, 18, 0),
(900007, 543, 2000, 0, 0, 0, 0, 0, 20, 0),
(900007, 587, 100, 0, 0, 0, 0, 0, 6, 0),
(900007, 597, 600, 0, 0, 587, 0, 0, 12, 0),
(900007, 604, 600, 0, 0, 0, 0, 0, 12, 0),
(900007, 759, 7000, 0, 0, 0, 0, 0, 28, 0),
(900007, 837, 900, 0, 0, 205, 0, 0, 14, 0),
(900007, 865, 5000, 0, 0, 122, 0, 0, 26, 0),
(900007, 990, 3000, 0, 0, 597, 0, 0, 22, 0),
(900007, 1008, 1800, 0, 0, 0, 0, 0, 18, 0),
(900007, 1449, 900, 0, 0, 0, 0, 0, 14, 0),
(900007, 1459, 10, 0, 0, 0, 0, 0, 1, 0),
(900007, 1460, 900, 0, 0, 1459, 0, 0, 14, 0),
(900007, 1461, 7000, 0, 0, 1460, 0, 0, 28, 0),
(900007, 1463, 2000, 0, 0, 0, 0, 0, 20, 0),
(900007, 1953, 2000, 0, 0, 0, 0, 0, 20, 0),
(900007, 2120, 1500, 0, 0, 0, 0, 0, 16, 0),
(900007, 2121, 4000, 0, 0, 2120, 0, 0, 24, 0),
(900007, 2136, 100, 0, 0, 0, 0, 0, 6, 0),
(900007, 2137, 900, 0, 0, 2136, 0, 0, 14, 0),
(900007, 2138, 3000, 0, 0, 2137, 0, 0, 22, 0),
(900007, 2139, 4000, 0, 0, 0, 0, 0, 24, 0),
(900007, 2948, 3000, 0, 0, 0, 0, 0, 22, 0),
(900007, 3140, 1800, 0, 0, 145, 0, 0, 18, 0),
(900007, 3552, 14000, 0, 0, 759, 0, 0, 38, 0),
(900007, 5143, 200, 0, 0, 0, 0, 0, 8, 0),
(900007, 5144, 1500, 0, 0, 5143, 0, 0, 16, 0),
(900007, 5145, 4000, 0, 0, 5144, 0, 0, 24, 0),
(900007, 5504, 100, 0, 0, 0, 0, 0, 4, 0),
(900007, 5505, 400, 0, 0, 5504, 0, 0, 10, 0),
(900007, 5506, 2000, 0, 0, 5505, 0, 0, 20, 0),
(900007, 6117, 13000, 0, 0, 0, 0, 0, 34, 0),
(900007, 6127, 8000, 0, 0, 5506, 0, 0, 30, 0),
(900007, 6129, 10000, 0, 0, 990, 0, 0, 32, 0),
(900007, 6131, 15000, 0, 0, 865, 0, 0, 40, 0),
(900007, 6141, 7000, 0, 0, 10, 0, 0, 28, 0),
(900007, 6143, 3000, 0, 0, 0, 0, 0, 22, 0),
(900007, 7300, 400, 0, 0, 168, 0, 0, 10, 0),
(900007, 7301, 2000, 0, 0, 7300, 0, 0, 20, 0),
(900007, 7302, 8000, 0, 0, 0, 0, 0, 30, 0),
(900007, 7320, 15000, 0, 0, 7302, 0, 0, 40, 0),
(900007, 7322, 2000, 0, 0, 837, 0, 0, 20, 0),
(900007, 8400, 4000, 0, 0, 3140, 0, 0, 24, 0),
(900007, 8401, 8000, 0, 0, 8400, 0, 0, 30, 0),
(900007, 8402, 13000, 0, 0, 8401, 0, 0, 36, 0),
(900007, 8406, 5000, 0, 0, 7322, 0, 0, 26, 0),
(900007, 8407, 10000, 0, 0, 8406, 0, 0, 32, 0),
(900007, 8408, 14000, 0, 0, 8407, 0, 0, 38, 0),
(900007, 8412, 8000, 0, 0, 2138, 0, 0, 30, 0),
(900007, 8413, 14000, 0, 0, 8412, 0, 0, 38, 0),
(900007, 8416, 10000, 0, 0, 5145, 0, 0, 32, 0),
(900007, 8417, 15000, 0, 0, 8416, 0, 0, 40, 0),
(900007, 8422, 10000, 0, 0, 2121, 0, 0, 32, 0),
(900007, 8423, 15000, 0, 0, 8422, 0, 0, 40, 0),
(900007, 8427, 13000, 0, 0, 6141, 0, 0, 36, 0),
(900007, 8437, 3000, 0, 0, 1449, 0, 0, 22, 0),
(900007, 8438, 8000, 0, 0, 8437, 0, 0, 30, 0),
(900007, 8439, 14000, 0, 0, 8438, 0, 0, 38, 0),
(900007, 8444, 7000, 0, 0, 2948, 0, 0, 28, 0),
(900007, 8445, 12000, 0, 0, 8444, 0, 0, 34, 0),
(900007, 8446, 15000, 0, 0, 8445, 0, 0, 40, 0),
(900007, 8450, 4000, 0, 0, 604, 0, 0, 24, 0),
(900007, 8451, 13000, 0, 0, 8450, 0, 0, 36, 0),
(900007, 8455, 8000, 0, 0, 1008, 0, 0, 30, 0),
(900007, 8457, 8000, 0, 0, 543, 0, 0, 30, 0),
(900007, 8458, 15000, 0, 0, 8457, 0, 0, 40, 0),
(900007, 8461, 10000, 0, 0, 6143, 0, 0, 32, 0),
(900007, 8462, 18000, 0, 0, 8461, 0, 0, 42, 0),
(900007, 8492, 12000, 0, 0, 120, 0, 0, 34, 0),
(900007, 8494, 7000, 0, 0, 1463, 0, 0, 28, 0),
(900007, 8495, 13000, 0, 0, 8494, 0, 0, 36, 0),
(900007, 10053, 28000, 0, 0, 3552, 0, 0, 48, 0),
(900007, 10054, 40000, 0, 0, 10053, 0, 0, 58, 0),
(900007, 10138, 15000, 0, 0, 6127, 0, 0, 40, 0),
(900007, 10139, 32000, 0, 0, 10138, 0, 0, 50, 0),
(900007, 10140, 42000, 0, 0, 10139, 0, 0, 60, 0),
(900007, 10144, 18000, 0, 0, 6129, 0, 0, 42, 0),
(900007, 10145, 35000, 0, 0, 10144, 0, 0, 52, 0),
(900007, 10148, 18000, 0, 0, 8402, 0, 0, 42, 0),
(900007, 10149, 28000, 0, 0, 10148, 0, 0, 48, 0),
(900007, 10150, 36000, 0, 0, 10149, 0, 0, 54, 0),
(900007, 10151, 42000, 0, 0, 10150, 0, 0, 60, 0),
(900007, 10156, 18000, 0, 0, 1461, 0, 0, 42, 0),
(900007, 10157, 38000, 0, 0, 10156, 0, 0, 56, 0),
(900007, 10159, 18000, 0, 0, 8492, 0, 0, 42, 0),
(900007, 10160, 32000, 0, 0, 10159, 0, 0, 50, 0),
(900007, 10161, 40000, 0, 0, 10160, 0, 0, 58, 0),
(900007, 10169, 18000, 0, 0, 8455, 0, 0, 42, 0),
(900007, 10170, 36000, 0, 0, 10169, 0, 0, 54, 0),
(900007, 10173, 28000, 0, 0, 8451, 0, 0, 48, 0),
(900007, 10174, 42000, 0, 0, 10173, 0, 0, 60, 0),
(900007, 10177, 35000, 0, 0, 8462, 0, 0, 52, 0),
(900007, 10179, 23000, 0, 0, 8408, 0, 0, 44, 0),
(900007, 10180, 32000, 0, 0, 10179, 0, 0, 50, 0),
(900007, 10181, 38000, 0, 0, 10180, 0, 0, 56, 0),
(900007, 10185, 23000, 0, 0, 8427, 0, 0, 44, 0),
(900007, 10186, 35000, 0, 0, 10185, 0, 0, 52, 0),
(900007, 10187, 42000, 0, 0, 10186, 0, 0, 60, 0),
(900007, 10191, 23000, 0, 0, 8495, 0, 0, 44, 0),
(900007, 10192, 35000, 0, 0, 10191, 0, 0, 52, 0),
(900007, 10193, 42000, 0, 0, 10192, 0, 0, 60, 0),
(900007, 10197, 26000, 0, 0, 8413, 0, 0, 46, 0),
(900007, 10199, 36000, 0, 0, 10197, 0, 0, 54, 0),
(900007, 10201, 26000, 0, 0, 8439, 0, 0, 46, 0),
(900007, 10202, 36000, 0, 0, 10201, 0, 0, 54, 0),
(900007, 10205, 26000, 0, 0, 8446, 0, 0, 46, 0),
(900007, 10206, 35000, 0, 0, 10205, 0, 0, 52, 0),
(900007, 10207, 40000, 0, 0, 10206, 0, 0, 58, 0),
(900007, 10211, 28000, 0, 0, 8417, 0, 0, 48, 0),
(900007, 10212, 38000, 0, 0, 10211, 0, 0, 56, 0),
(900007, 10215, 28000, 0, 0, 8423, 0, 0, 48, 0),
(900007, 10216, 38000, 0, 0, 10215, 0, 0, 56, 0),
(900007, 10219, 32000, 0, 0, 7320, 0, 0, 50, 0),
(900007, 10220, 42000, 0, 0, 10219, 0, 0, 60, 0),
(900007, 10223, 32000, 0, 0, 8458, 0, 0, 50, 0),
(900007, 10225, 42000, 0, 0, 10223, 0, 0, 60, 0),
(900007, 10230, 36000, 0, 0, 6131, 0, 0, 54, 0),
(900007, 12051, 2000, 0, 0, 0, 0, 0, 20, 0),
(900007, 12505, 100, 0, 0, 11366, 0, 0, 24, 0),
(900007, 12522, 400, 0, 0, 12505, 0, 0, 30, 0),
(900007, 12523, 650, 0, 0, 12522, 0, 0, 36, 0),
(900007, 12524, 900, 0, 0, 12523, 0, 0, 42, 0),
(900007, 12525, 1400, 0, 0, 12524, 0, 0, 48, 0),
(900007, 12526, 1800, 0, 0, 12525, 0, 0, 54, 0),
(900007, 12824, 2000, 0, 0, 118, 0, 0, 20, 0),
(900007, 12825, 15000, 0, 0, 12824, 0, 0, 40, 0),
(900007, 12826, 42000, 0, 0, 12825, 0, 0, 60, 0),
(900007, 13018, 400, 0, 0, 11113, 0, 0, 36, 0),
(900007, 13019, 1148, 0, 0, 13018, 0, 0, 44, 0),
(900007, 13020, 1748, 0, 0, 13019, 0, 0, 52, 0),
(900007, 13021, 2100, 0, 0, 13020, 0, 0, 60, 0),
(900007, 13031, 1700, 0, 0, 11426, 0, 0, 46, 0),
(900007, 13032, 1748, 0, 0, 13031, 0, 0, 52, 0),
(900007, 13033, 2000, 0, 0, 13032, 0, 0, 58, 0),
(900007, 18809, 2100, 0, 0, 12526, 0, 0, 60, 0),
(900007, 22782, 1400, 0, 0, 6117, 0, 0, 46, 0),
(900007, 22783, 40000, 0, 0, 22782, 0, 0, 58, 0),
(900007, 23028, 38000, 0, 0, 0, 0, 0, 56, 0),
(900007, 25304, 42000, 0, 0, 10181, 0, 0, 60, 0),
(900007, 25306, 42000, 0, 0, 10151, 0, 0, 62, 0),
(900007, 25345, 42000, 0, 0, 10212, 0, 0, 60, 0),
(900007, 27070, 78000, 0, 0, 25306, 0, 0, 66, 0),
(900007, 27071, 57000, 0, 0, 25304, 0, 0, 63, 0),
(900007, 27072, 110000, 0, 0, 27071, 0, 0, 69, 0),
(900007, 27073, 70000, 0, 0, 10207, 0, 0, 65, 0),
(900007, 27074, 120000, 0, 0, 27073, 0, 0, 70, 0),
(900007, 27075, 57000, 0, 0, 25345, 0, 0, 63, 0),
(900007, 27078, 46000, 0, 0, 10199, 0, 0, 61, 0),
(900007, 27079, 120000, 0, 0, 27078, 0, 0, 70, 0),
(900007, 27080, 51000, 0, 0, 10202, 0, 0, 62, 0),
(900007, 27082, 120000, 0, 0, 27080, 0, 0, 70, 0),
(900007, 27085, 96000, 0, 0, 10187, 0, 0, 68, 0),
(900007, 27086, 63000, 0, 0, 10216, 0, 0, 64, 0),
(900007, 27087, 70000, 0, 0, 10161, 0, 0, 65, 0),
(900007, 27088, 87000, 0, 0, 10230, 0, 0, 67, 0),
(900007, 27090, 150000, 0, 0, 37420, 0, 0, 70, 0),
(900007, 27101, 96000, 0, 0, 10054, 0, 0, 68, 0),
(900007, 27124, 110000, 0, 0, 10220, 0, 0, 69, 0),
(900007, 27125, 110000, 0, 0, 22783, 0, 0, 69, 0),
(900007, 27126, 120000, 0, 0, 10157, 0, 0, 70, 0),
(900007, 27127, 100000, 0, 0, 23028, 0, 0, 70, 0),
(900007, 27128, 110000, 0, 0, 10225, 0, 0, 69, 0),
(900007, 27130, 57000, 0, 0, 10170, 0, 0, 63, 0),
(900007, 27131, 96000, 0, 0, 10193, 0, 0, 68, 0),
(900007, 27132, 3900, 0, 0, 18809, 0, 0, 66, 0),
(900007, 27133, 3500, 0, 0, 13021, 0, 0, 65, 0),
(900007, 27134, 2500, 0, 0, 13033, 0, 0, 64, 0),
(900007, 28609, 42000, 0, 0, 10177, 0, 0, 60, 0),
(900007, 28612, 42000, 0, 0, 10145, 0, 0, 60, 0),
(900007, 30449, 120000, 0, 0, 0, 0, 0, 70, 0),
(900007, 30451, 63000, 0, 0, 0, 0, 0, 64, 0),
(900007, 30455, 78000, 0, 0, 0, 0, 0, 66, 0),
(900007, 30482, 51000, 0, 0, 0, 0, 0, 62, 0),
(900007, 32796, 120000, 0, 0, 28609, 0, 0, 70, 0),
(900007, 33041, 1900, 0, 0, 31661, 0, 0, 56, 0),
(900007, 33042, 2200, 0, 0, 33041, 0, 0, 64, 0),
(900007, 33043, 2500, 0, 0, 33042, 0, 0, 70, 0),
(900007, 33405, 6000, 0, 0, 27134, 0, 0, 70, 0),
(900007, 33717, 150000, 0, 0, 28612, 0, 0, 70, 0),
(900007, 33933, 6000, 0, 0, 27133, 0, 0, 70, 0),
(900007, 33938, 7500, 0, 0, 27132, 0, 0, 70, 0),
(900007, 33944, 100000, 0, 0, 10174, 0, 0, 67, 0),
(900007, 33946, 110000, 0, 0, 27130, 0, 0, 69, 0),
(900007, 37420, 70000, 0, 0, 10140, 0, 0, 65, 0),
(900007, 38692, 150000, 0, 0, 27070, 0, 0, 70, 0),
(900007, 38697, 150000, 0, 0, 27072, 0, 0, 70, 0),
(900007, 38699, 87000, 0, 0, 27075, 0, 0, 69, 0),
(900007, 38704, 100000, 0, 0, 38699, 0, 0, 70, 0),
(900007, 42832, 150000, 0, 0, 38692, 0, 0, 74, 0),
(900007, 42833, 150000, 0, 0, 42832, 0, 0, 78, 0),
(900007, 42841, 150000, 0, 0, 38697, 0, 0, 75, 0),
(900007, 42842, 150000, 0, 0, 42841, 0, 0, 79, 0),
(900007, 42843, 150000, 0, 0, 38704, 0, 0, 75, 0),
(900007, 42846, 150000, 0, 0, 42843, 0, 0, 79, 0),
(900007, 42858, 150000, 0, 0, 27074, 0, 0, 73, 0),
(900007, 42859, 150000, 0, 0, 42858, 0, 0, 78, 0),
(900007, 42872, 150000, 0, 0, 27079, 0, 0, 74, 0),
(900007, 42873, 150000, 0, 0, 42872, 0, 0, 80, 0),
(900007, 42890, 7500, 0, 0, 33938, 0, 0, 73, 0),
(900007, 42891, 7500, 0, 0, 42890, 0, 0, 77, 0),
(900007, 42894, 150000, 0, 0, 30451, 0, 0, 71, 0),
(900007, 42896, 150000, 0, 0, 42894, 0, 0, 76, 0),
(900007, 42897, 150000, 0, 0, 42896, 0, 0, 80, 0),
(900007, 42913, 150000, 0, 0, 30455, 0, 0, 72, 0),
(900007, 42914, 150000, 0, 0, 42913, 0, 0, 78, 0),
(900007, 42917, 150000, 0, 0, 27088, 0, 0, 75, 0),
(900007, 42920, 150000, 0, 0, 27082, 0, 0, 76, 0),
(900007, 42921, 150000, 0, 0, 42920, 0, 0, 80, 0),
(900007, 42925, 150000, 0, 0, 27086, 0, 0, 72, 0),
(900007, 42926, 150000, 0, 0, 42925, 0, 0, 79, 0),
(900007, 42930, 150000, 0, 0, 27087, 0, 0, 72, 0),
(900007, 42931, 150000, 0, 0, 42930, 0, 0, 79, 0),
(900007, 42939, 150000, 0, 0, 27085, 0, 0, 74, 0),
(900007, 42940, 150000, 0, 0, 42939, 0, 0, 80, 0),
(900007, 42944, 7500, 0, 0, 33933, 0, 0, 75, 0),
(900007, 42945, 7500, 0, 0, 42944, 0, 0, 80, 0),
(900007, 42949, 7500, 0, 0, 33043, 0, 0, 75, 0),
(900007, 42950, 7500, 0, 0, 42949, 0, 0, 80, 0),
(900007, 42955, 150000, 0, 0, 0, 0, 0, 75, 0),
(900007, 42956, 150000, 0, 0, 42955, 0, 0, 80, 0),
(900007, 42985, 150000, 0, 0, 27101, 0, 0, 77, 0),
(900007, 42995, 150000, 0, 0, 27126, 0, 0, 80, 0),
(900007, 43002, 150000, 0, 0, 27127, 0, 0, 80, 0),
(900007, 43008, 150000, 0, 0, 27124, 0, 0, 79, 0),
(900007, 43010, 150000, 0, 0, 27128, 0, 0, 78, 0),
(900007, 43012, 150000, 0, 0, 32796, 0, 0, 79, 0),
(900007, 43015, 150000, 0, 0, 33944, 0, 0, 76, 0),
(900007, 43017, 150000, 0, 0, 33946, 0, 0, 77, 0),
(900007, 43019, 150000, 0, 0, 27131, 0, 0, 73, 0),
(900007, 43020, 150000, 0, 0, 43019, 0, 0, 79, 0),
(900007, 43023, 150000, 0, 0, 27125, 0, 0, 71, 0),
(900007, 43024, 150000, 0, 0, 43023, 0, 0, 79, 0),
(900007, 43038, 7500, 0, 0, 33405, 0, 0, 75, 0),
(900007, 43039, 7500, 0, 0, 43038, 0, 0, 80, 0),
(900007, 43045, 150000, 0, 0, 30482, 0, 0, 71, 0),
(900007, 43046, 150000, 0, 0, 43045, 0, 0, 79, 0),
(900007, 43987, 120000, 0, 0, 0, 0, 0, 70, 0),
(900007, 44614, 150000, 0, 0, 0, 0, 0, 75, 0),
(900007, 44780, 10000, 0, 0, 44425, 0, 0, 70, 0),
(900007, 44781, 15000, 0, 0, 44780, 0, 0, 80, 0),
(900007, 45438, 8000, 0, 0, 0, 0, 0, 30, 0),
(900007, 47610, 150000, 0, 0, 44614, 0, 0, 80, 0),
(900007, 55342, 150000, 0, 0, 0, 0, 0, 80, 0),
(900007, 55359, 5000, 0, 0, 44457, 0, 0, 70, 0),
(900007, 55360, 7500, 0, 0, 55359, 0, 0, 80, 0),
(900007, 58659, 150000, 0, 0, 43987, 0, 0, 80, 0),
(900007, 116, 100, 0, 0, 0, 0, 0, 4, 0),
(900007, 143, 100, 0, 0, 133, 0, 0, 6, 0),
(900007, 587, 100, 0, 0, 0, 0, 0, 6, 0),
(900007, 1459, 10, 0, 0, 0, 0, 0, 1, 0),
(900007, 2136, 100, 0, 0, 0, 0, 0, 6, 0),
(900007, 5504, 100, 0, 0, 0, 0, 0, 4, 0),
(900007, 3561, 2000, 0, 0, 0, 0, 0, 20, 0),
(900007, 10059, 15000, 0, 0, 0, 0, 0, 40, 0),
(900007, 3562, 2000, 0, 0, 0, 0, 0, 20, 0),
(900007, 11416, 15000, 0, 0, 0, 0, 0, 40, 0),
(900007, 3563, 2000, 0, 0, 0, 0, 0, 20, 0),
(900007, 11418, 15000, 0, 0, 0, 0, 0, 40, 0),
(900007, 3565, 8000, 0, 0, 0, 0, 0, 20, 0),
(900007, 11419, 32000, 0, 0, 0, 0, 0, 40, 0),
(900007, 3566, 8000, 0, 0, 0, 0, 0, 20, 0),
(900007, 11420, 32000, 0, 0, 0, 0, 0, 40, 0),
(900007, 3567, 2000, 0, 0, 0, 0, 0, 20, 0),
(900007, 11417, 15000, 0, 0, 0, 0, 0, 40, 0),
(900007, 32266, 15000, 0, 0, 0, 0, 0, 40, 0),
(900007, 32271, 2000, 0, 0, 0, 0, 0, 20, 0),
(900007, 32267, 15000, 0, 0, 0, 0, 0, 40, 0),
(900007, 32272, 2000, 0, 0, 0, 0, 0, 20, 0),
(900007, 33690, 20000, 0, 0, 0, 0, 0, 60, 0),
(900007, 33691, 150000, 0, 0, 0, 0, 0, 65, 0),
(900007, 35715, 20000, 0, 0, 0, 0, 0, 60, 0),
(900007, 35717, 150000, 0, 0, 0, 0, 0, 65, 0),
(900007, 35715, 20000, 0, 0, 0, 0, 0, 60, 0),
(900007, 35717, 150000, 0, 0, 0, 0, 0, 65, 0),
(900007, 49358, 2000, 0, 0, 0, 0, 0, 20, 0),
(900007, 49361, 15000, 0, 0, 0, 0, 0, 40, 0),
(900007, 49359, 2000, 0, 0, 0, 0, 0, 20, 0),
(900007, 49360, 15000, 0, 0, 0, 0, 0, 40, 0),
(900007, 53140, 100000, 0, 0, 0, 0, 0, 71, 0),
(900007, 53142, 100000, 0, 0, 0, 0, 0, 74, 0),


(900008, 126, 2500, 0, 0, 0, 0, 0, 22, 0),
(900008, 132, 4000, 0, 0, 0, 0, 0, 26, 0),
(900008, 172, 100, 0, 0, 0, 0, 0, 4, 0),
(900008, 348, 10, 0, 0, 0, 0, 0, 3, 0),
(900008, 603, 26000, 0, 0, 0, 0, 0, 60, 0),
(900008, 688, 100, 0, 0, 0, 0, 0, 1, 0),
(900008, 689, 900, 0, 0, 0, 0, 0, 14, 0),
(900008, 693, 1500, 0, 0, 0, 0, 0, 18, 0),
(900008, 695, 100, 0, 0, 686, 0, 0, 6, 0),
(900008, 696, 300, 0, 0, 687, 0, 0, 10, 0),
(900008, 698, 2000, 0, 0, 0, 0, 0, 20, 0),
(900008, 699, 2500, 0, 0, 689, 0, 0, 22, 0),
(900008, 702, 100, 0, 0, 0, 0, 0, 4, 0),
(900008, 705, 600, 0, 0, 695, 0, 0, 12, 0),
(900008, 706, 2000, 0, 0, 0, 0, 0, 20, 0),
(900008, 707, 300, 0, 0, 348, 0, 0, 10, 0),
(900008, 709, 6000, 0, 0, 699, 0, 0, 30, 0),
(900008, 710, 5000, 0, 0, 0, 0, 0, 28, 0),
(900008, 755, 600, 0, 0, 0, 0, 0, 12, 0),
(900008, 980, 200, 0, 0, 0, 0, 0, 8, 0),
(900008, 1014, 1500, 0, 0, 980, 0, 0, 18, 0),
(900008, 1086, 6000, 0, 0, 706, 0, 0, 30, 0),
(900008, 1088, 2000, 0, 0, 705, 0, 0, 20, 0),
(900008, 1094, 2000, 0, 0, 707, 0, 0, 20, 0),
(900008, 1098, 6000, 0, 0, 0, 0, 0, 30, 0),
(900008, 1106, 5000, 0, 0, 1088, 0, 0, 28, 0),
(900008, 1108, 600, 0, 0, 702, 0, 0, 12, 0),
(900008, 1120, 300, 0, 0, 0, 0, 0, 10, 0),
(900008, 1454, 100, 0, 0, 0, 0, 0, 6, 0),
(900008, 1455, 1080, 0, 0, 1454, 0, 0, 16, 0),
(900008, 1456, 3600, 0, 0, 1455, 0, 0, 26, 0),
(900008, 1490, 7000, 0, 0, 0, 0, 0, 32, 0),
(900008, 1710, 10000, 0, 0, 0, 0, 0, 20, 0),
(900008, 1714, 4000, 0, 0, 0, 0, 0, 26, 0),
(900008, 1949, 6000, 0, 0, 0, 0, 0, 30, 0),
(900008, 2362, 9000, 0, 0, 0, 0, 0, 36, 0),
(900008, 2941, 6000, 0, 0, 1094, 0, 0, 30, 0),
(900008, 3698, 2000, 0, 0, 755, 0, 0, 20, 0),
(900008, 3699, 5000, 0, 0, 3698, 0, 0, 28, 0),
(900008, 3700, 9000, 0, 0, 3699, 0, 0, 36, 0),
(900008, 5138, 3000, 0, 0, 0, 0, 0, 24, 0),
(900008, 5484, 11000, 0, 0, 0, 0, 0, 40, 0),
(900008, 5500, 3000, 0, 0, 0, 0, 0, 24, 0),
(900008, 5676, 1500, 0, 0, 0, 0, 0, 18, 0),
(900008, 5697, 1200, 0, 0, 0, 0, 0, 16, 0),
(900008, 5699, 8000, 0, 0, 6202, 0, 0, 34, 0),
(900008, 5740, 2000, 0, 0, 0, 0, 0, 20, 0),
(900008, 5782, 200, 0, 0, 0, 0, 0, 8, 0),
(900008, 6201, 300, 0, 0, 0, 0, 0, 10, 0),
(900008, 6202, 2500, 0, 0, 6201, 0, 0, 22, 0),
(900008, 6205, 2500, 0, 0, 1108, 0, 0, 22, 0),
(900008, 6213, 7000, 0, 0, 5782, 0, 0, 32, 0),
(900008, 6215, 22000, 0, 0, 6213, 0, 0, 56, 0),
(900008, 6217, 5000, 0, 0, 1014, 0, 0, 28, 0),
(900008, 6219, 8000, 0, 0, 5740, 0, 0, 34, 0),
(900008, 6222, 900, 0, 0, 172, 0, 0, 14, 0),
(900008, 6223, 3000, 0, 0, 6222, 0, 0, 24, 0),
(900008, 6229, 7000, 0, 0, 0, 0, 0, 32, 0),
(900008, 6353, 14000, 0, 0, 0, 0, 0, 48, 0),
(900008, 6366, 5000, 0, 0, 0, 0, 0, 28, 0),
(900008, 6789, 11000, 0, 0, 0, 0, 0, 42, 0),
(900008, 7641, 9000, 0, 0, 1106, 0, 0, 36, 0),
(900008, 7646, 7000, 0, 0, 6205, 0, 0, 32, 0),
(900008, 7648, 8000, 0, 0, 6223, 0, 0, 34, 0),
(900008, 7651, 10000, 0, 0, 709, 0, 0, 38, 0),
(900008, 8288, 3000, 0, 0, 1120, 0, 0, 24, 0),
(900008, 8289, 10000, 0, 0, 8288, 0, 0, 38, 0),
(900008, 11659, 12000, 0, 0, 7641, 0, 0, 44, 0),
(900008, 11660, 18000, 0, 0, 11659, 0, 0, 52, 0),
(900008, 11661, 26000, 0, 0, 11660, 0, 0, 60, 0),
(900008, 11665, 11000, 0, 0, 2941, 0, 0, 40, 0),
(900008, 11667, 15000, 0, 0, 11665, 0, 0, 50, 0),
(900008, 11668, 26000, 0, 0, 11667, 0, 0, 60, 0),
(900008, 11671, 12000, 0, 0, 7648, 0, 0, 44, 0),
(900008, 11672, 20000, 0, 0, 11671, 0, 0, 54, 0),
(900008, 11675, 18000, 0, 0, 8289, 0, 0, 52, 0),
(900008, 11677, 13000, 0, 0, 6219, 0, 0, 46, 0),
(900008, 11678, 24000, 0, 0, 11677, 0, 0, 58, 0),
(900008, 11683, 11000, 0, 0, 1949, 0, 0, 42, 0),
(900008, 11684, 20000, 0, 0, 11683, 0, 0, 54, 0),
(900008, 11687, 8100, 0, 0, 1456, 0, 0, 36, 0),
(900008, 11688, 11700, 0, 0, 11687, 0, 0, 46, 0),
(900008, 11689, 19800, 0, 0, 11688, 0, 0, 56, 0),
(900008, 11693, 12000, 0, 0, 3700, 0, 0, 44, 0),
(900008, 11694, 18000, 0, 0, 11693, 0, 0, 52, 0),
(900008, 11695, 26000, 0, 0, 11694, 0, 0, 60, 0),
(900008, 11699, 13000, 0, 0, 7651, 0, 0, 46, 0),
(900008, 11700, 20000, 0, 0, 11699, 0, 0, 54, 0),
(900008, 11707, 11000, 0, 0, 7646, 0, 0, 42, 0),
(900008, 11708, 18000, 0, 0, 11707, 0, 0, 52, 0),
(900008, 11711, 10000, 0, 0, 6217, 0, 0, 38, 0),
(900008, 11712, 14000, 0, 0, 11711, 0, 0, 48, 0),
(900008, 11713, 24000, 0, 0, 11712, 0, 0, 58, 0),
(900008, 11719, 15000, 0, 0, 1714, 0, 0, 50, 0),
(900008, 11721, 13000, 0, 0, 1490, 0, 0, 46, 0),
(900008, 11722, 26000, 0, 0, 11721, 0, 0, 60, 0),
(900008, 11725, 12000, 0, 0, 1098, 0, 0, 44, 0),
(900008, 11726, 24000, 0, 0, 11725, 0, 0, 58, 0),
(900008, 11729, 13000, 0, 0, 5699, 0, 0, 46, 0),
(900008, 11730, 24000, 0, 0, 11729, 0, 0, 58, 0),
(900008, 11733, 11000, 0, 0, 1086, 0, 0, 40, 0),
(900008, 11734, 15000, 0, 0, 11733, 0, 0, 50, 0),
(900008, 11735, 26000, 0, 0, 11734, 0, 0, 60, 0),
(900008, 11739, 11000, 0, 0, 6229, 0, 0, 42, 0),
(900008, 11740, 18000, 0, 0, 11739, 0, 0, 52, 0),
(900008, 17727, 14000, 0, 0, 2362, 0, 0, 48, 0),
(900008, 17728, 26000, 0, 0, 17727, 0, 0, 60, 0),
(900008, 17919, 4000, 0, 0, 5676, 0, 0, 26, 0),
(900008, 17920, 8000, 0, 0, 17919, 0, 0, 34, 0),
(900008, 17921, 11000, 0, 0, 17920, 0, 0, 42, 0),
(900008, 17922, 15000, 0, 0, 17921, 0, 0, 50, 0),
(900008, 17923, 24000, 0, 0, 17922, 0, 0, 58, 0),
(900008, 17924, 22000, 0, 0, 6353, 0, 0, 56, 0),
(900008, 17925, 15000, 0, 0, 6789, 0, 0, 50, 0),
(900008, 17926, 24000, 0, 0, 17925, 0, 0, 58, 0),
(900008, 17928, 20000, 0, 0, 5484, 0, 0, 54, 0),
(900008, 17951, 9000, 0, 0, 6366, 0, 0, 36, 0),
(900008, 17952, 13000, 0, 0, 17951, 0, 0, 46, 0),
(900008, 17953, 22000, 0, 0, 17952, 0, 0, 56, 0),
(900008, 18647, 14000, 0, 0, 710, 0, 0, 48, 0),
(900008, 18867, 148, 0, 0, 17877, 0, 0, 24, 0),
(900008, 18868, 348, 0, 0, 18867, 0, 0, 32, 0),
(900008, 18869, 548, 0, 0, 18868, 0, 0, 40, 0),
(900008, 18870, 700, 0, 0, 18869, 0, 0, 48, 0),
(900008, 18871, 1100, 0, 0, 18870, 0, 0, 56, 0),
(900008, 18937, 748, 0, 0, 18220, 0, 0, 50, 0),
(900008, 18938, 1300, 0, 0, 18937, 0, 0, 60, 0),
(900008, 20752, 6000, 0, 0, 693, 0, 0, 30, 0),
(900008, 20755, 11000, 0, 0, 20752, 0, 0, 40, 0),
(900008, 20756, 15000, 0, 0, 20755, 0, 0, 50, 0),
(900008, 20757, 26000, 0, 0, 20756, 0, 0, 60, 0),
(900008, 23161, 100000, 0, 0, 5784, 33391, 0, 40, 0),
(900008, 25307, 26000, 0, 0, 11661, 0, 0, 62, 0),
(900008, 25309, 26000, 0, 0, 11668, 0, 0, 60, 0),
(900008, 25311, 26000, 0, 0, 11672, 0, 0, 60, 0),
(900008, 27209, 70000, 0, 0, 25307, 0, 0, 69, 0),
(900008, 27210, 46000, 0, 0, 17923, 0, 0, 65, 0),
(900008, 27211, 42000, 0, 0, 17924, 0, 0, 64, 0),
(900008, 27212, 70000, 0, 0, 11678, 0, 0, 69, 0),
(900008, 27213, 63000, 0, 0, 11684, 0, 0, 68, 0),
(900008, 27215, 70000, 0, 0, 25309, 0, 0, 69, 0),
(900008, 27216, 46000, 0, 0, 25311, 0, 0, 65, 0),
(900008, 27217, 57000, 0, 0, 11675, 0, 0, 67, 0),
(900008, 27218, 57000, 0, 0, 11713, 0, 0, 67, 0),
(900008, 27219, 30000, 0, 0, 11700, 0, 0, 62, 0),
(900008, 27220, 70000, 0, 0, 27219, 0, 0, 69, 0),
(900008, 27222, 56700, 0, 0, 11689, 0, 0, 68, 0),
(900008, 27223, 63000, 0, 0, 17926, 0, 0, 68, 0),
(900008, 27224, 30000, 0, 0, 11708, 0, 0, 61, 0),
(900008, 27228, 70000, 0, 0, 11722, 0, 0, 69, 0),
(900008, 27230, 63000, 0, 0, 11730, 0, 0, 68, 0),
(900008, 27238, 78000, 0, 0, 20757, 0, 0, 70, 0),
(900008, 27243, 78000, 0, 0, 0, 0, 0, 70, 0),
(900008, 27250, 51000, 0, 0, 17953, 0, 0, 66, 0),
(900008, 27259, 57000, 0, 0, 11695, 0, 0, 67, 0),
(900008, 27260, 78000, 0, 0, 11735, 0, 0, 70, 0),
(900008, 27263, 1300, 0, 0, 18871, 0, 0, 63, 0),
(900008, 27265, 1300, 0, 0, 18938, 0, 0, 70, 0),
(900008, 28172, 51000, 0, 0, 17728, 0, 0, 66, 0),
(900008, 28176, 34000, 0, 0, 0, 0, 0, 62, 0),
(900008, 28189, 70000, 0, 0, 28176, 0, 0, 69, 0),
(900008, 28610, 34000, 0, 0, 11740, 0, 0, 60, 0),
(900008, 29722, 42000, 0, 0, 0, 0, 0, 64, 0),
(900008, 29858, 51000, 0, 0, 0, 0, 0, 66, 0),
(900008, 29893, 63000, 0, 0, 0, 0, 0, 68, 0),
(900008, 30404, 2500, 0, 0, 30108, 0, 0, 60, 0),
(900008, 30405, 2500, 0, 0, 30404, 0, 0, 70, 0),
(900008, 30413, 2500, 0, 0, 30283, 0, 0, 60, 0),
(900008, 30414, 2500, 0, 0, 30413, 0, 0, 70, 0),
(900008, 30459, 78000, 0, 0, 27210, 0, 0, 70, 0),
(900008, 30545, 78000, 0, 0, 27211, 0, 0, 70, 0),
(900008, 30546, 3900, 0, 0, 27263, 0, 0, 70, 0),
(900008, 30909, 70000, 0, 0, 27224, 0, 0, 69, 0),
(900008, 30910, 78000, 0, 0, 603, 0, 0, 70, 0),
(900008, 32231, 78000, 0, 0, 29722, 0, 0, 70, 0),
(900008, 47793, 160000, 0, 0, 27260, 0, 0, 76, 0),
(900008, 47808, 160000, 0, 0, 27209, 0, 0, 74, 0),
(900008, 47809, 160000, 0, 0, 47808, 0, 0, 79, 0),
(900008, 47810, 160000, 0, 0, 27215, 0, 0, 75, 0),
(900008, 47811, 160000, 0, 0, 47810, 0, 0, 80, 0),
(900008, 47812, 160000, 0, 0, 27216, 0, 0, 71, 0),
(900008, 47813, 160000, 0, 0, 47812, 0, 0, 77, 0),
(900008, 47814, 160000, 0, 0, 30459, 0, 0, 74, 0),
(900008, 47815, 160000, 0, 0, 47814, 0, 0, 79, 0),
(900008, 47819, 160000, 0, 0, 27212, 0, 0, 72, 0),
(900008, 47820, 160000, 0, 0, 47819, 0, 0, 79, 0),
(900008, 47823, 160000, 0, 0, 27213, 0, 0, 78, 0),
(900008, 47824, 160000, 0, 0, 30545, 0, 0, 75, 0),
(900008, 47825, 160000, 0, 0, 47824, 0, 0, 80, 0),
(900008, 47826, 8000, 0, 0, 30546, 0, 0, 75, 0),
(900008, 47827, 8000, 0, 0, 47826, 0, 0, 80, 0),
(900008, 47835, 160000, 0, 0, 27243, 0, 0, 75, 0),
(900008, 47836, 160000, 0, 0, 47835, 0, 0, 80, 0),
(900008, 47837, 100000, 0, 0, 32231, 0, 0, 74, 0),
(900008, 47838, 100000, 0, 0, 47837, 0, 0, 80, 0),
(900008, 47841, 8000, 0, 0, 30405, 0, 0, 75, 0),
(900008, 47843, 8000, 0, 0, 47841, 0, 0, 80, 0),
(900008, 47846, 8000, 0, 0, 30414, 0, 0, 75, 0),
(900008, 47847, 8000, 0, 0, 47846, 0, 0, 80, 0),
(900008, 47855, 160000, 0, 0, 27217, 0, 0, 77, 0),
(900008, 47856, 160000, 0, 0, 27259, 0, 0, 76, 0),
(900008, 47857, 160000, 0, 0, 27220, 0, 0, 78, 0),
(900008, 47859, 160000, 0, 0, 27223, 0, 0, 73, 0),
(900008, 47860, 160000, 0, 0, 47859, 0, 0, 78, 0),
(900008, 47863, 160000, 0, 0, 27218, 0, 0, 73, 0),
(900008, 47864, 160000, 0, 0, 47863, 0, 0, 79, 0),
(900008, 47865, 160000, 0, 0, 27228, 0, 0, 78, 0),
(900008, 47867, 160000, 0, 0, 30910, 0, 0, 80, 0),
(900008, 47871, 160000, 0, 0, 27230, 0, 0, 73, 0),
(900008, 47878, 160000, 0, 0, 47871, 0, 0, 79, 0),
(900008, 47884, 160000, 0, 0, 27238, 0, 0, 76, 0),
(900008, 47886, 160000, 0, 0, 28172, 0, 0, 72, 0),
(900008, 47888, 160000, 0, 0, 47886, 0, 0, 78, 0),
(900008, 47889, 160000, 0, 0, 47793, 0, 0, 80, 0),
(900008, 47890, 160000, 0, 0, 28610, 0, 0, 72, 0),
(900008, 47891, 160000, 0, 0, 47890, 0, 0, 78, 0),
(900008, 47892, 160000, 0, 0, 28189, 0, 0, 74, 0),
(900008, 47893, 160000, 0, 0, 47892, 0, 0, 79, 0),
(900008, 47897, 10000, 0, 0, 0, 0, 0, 75, 0),
(900008, 48018, 160000, 0, 0, 0, 0, 0, 80, 0),
(900008, 48020, 160000, 0, 0, 0, 0, 0, 80, 0),
(900008, 50511, 160000, 0, 0, 30909, 0, 0, 71, 0),
(900008, 57946, 160000, 0, 0, 27222, 0, 0, 80, 0),
(900008, 58887, 160000, 0, 0, 29893, 0, 0, 80, 0),
(900008, 59092, 160000, 0, 0, 27265, 0, 0, 80, 0),
(900008, 59161, 2500, 0, 0, 48181, 0, 0, 70, 0),
(900008, 59163, 8000, 0, 0, 59161, 0, 0, 75, 0),
(900008, 59164, 8000, 0, 0, 59163, 0, 0, 80, 0),
(900008, 59170, 2500, 0, 0, 50796, 0, 0, 70, 0),
(900008, 59171, 8000, 0, 0, 59170, 0, 0, 75, 0),
(900008, 59172, 8000, 0, 0, 59171, 0, 0, 80, 0),
(900008, 60219, 160000, 0, 0, 27250, 0, 0, 74, 0),
(900008, 60220, 160000, 0, 0, 60219, 0, 0, 80, 0),
(900008, 61191, 70000, 0, 0, 11726, 0, 0, 72, 0),
(900008, 61290, 10000, 0, 0, 47897, 0, 0, 80, 0),
(900008, 172, 100, 0, 0, 0, 0, 0, 4, 0),
(900008, 348, 10, 0, 0, 0, 0, 0, 3, 0),
(900008, 688, 100, 0, 0, 0, 0, 0, 1, 0),
(900008, 695, 100, 0, 0, 686, 0, 0, 6, 0),
(900008, 702, 100, 0, 0, 0, 0, 0, 4, 0),
(900008, 1454, 100, 0, 0, 0, 0, 0, 6, 0),


(900009, 99, 300, 0, 0, 0, 0, 0, 10, 0),
(900009, 339, 200, 0, 0, 0, 0, 0, 8, 0),
(900009, 467, 100, 0, 0, 0, 0, 0, 6, 0),
(900009, 740, 6000, 0, 0, 0, 0, 0, 30, 0),
(900009, 768, 2000, 0, 0, 0, 0, 0, 20, 0),
(900009, 769, 10000, 0, 0, 780, 0, 0, 34, 0),
(900009, 770, 1900, 0, 0, 0, 0, 0, 18, 0),
(900009, 774, 100, 0, 0, 0, 0, 0, 4, 0),
(900009, 779, 1800, 0, 0, 0, 0, 0, 16, 0),
(900009, 780, 4000, 0, 0, 779, 0, 0, 24, 0),
(900009, 782, 900, 0, 0, 467, 0, 0, 14, 0),
(900009, 783, 6000, 0, 0, 0, 0, 0, 16, 0),
(900009, 1058, 300, 0, 0, 774, 0, 0, 10, 0),
(900009, 1062, 1900, 0, 0, 339, 0, 0, 18, 0),
(900009, 1066, 900, 0, 0, 0, 0, 0, 16, 0),
(900009, 1075, 4000, 0, 0, 782, 0, 0, 24, 0),
(900009, 1079, 2000, 0, 0, 0, 0, 0, 20, 0),
(900009, 1082, 2000, 0, 0, 0, 0, 0, 20, 0),
(900009, 1126, 10, 0, 0, 0, 0, 0, 1, 0),
(900009, 1430, 1800, 0, 0, 1058, 0, 0, 16, 0),
(900009, 1735, 2000, 0, 0, 99, 0, 0, 20, 0),
(900009, 1822, 4000, 0, 0, 0, 0, 0, 24, 0),
(900009, 1823, 10000, 0, 0, 1822, 0, 0, 34, 0),
(900009, 1824, 18000, 0, 0, 1823, 0, 0, 44, 0),
(900009, 1850, 4500, 0, 0, 0, 0, 0, 26, 0),
(900009, 2090, 3000, 0, 0, 1430, 0, 0, 22, 0),
(900009, 2091, 5000, 0, 0, 2090, 0, 0, 28, 0),
(900009, 2637, 1900, 0, 0, 0, 0, 0, 18, 0),
(900009, 2782, 4000, 0, 0, 0, 0, 0, 24, 0),
(900009, 2893, 4500, 0, 0, 0, 0, 0, 26, 0),
(900009, 2908, 3000, 0, 0, 0, 0, 0, 22, 0),
(900009, 2912, 2000, 0, 0, 0, 0, 0, 20, 0),
(900009, 3029, 5000, 0, 0, 1082, 0, 0, 28, 0),
(900009, 3627, 10000, 0, 0, 2091, 0, 0, 34, 0),
(900009, 5177, 100, 0, 0, 5176, 0, 0, 6, 0),
(900009, 5178, 900, 0, 0, 5177, 0, 0, 14, 0),
(900009, 5179, 3000, 0, 0, 5178, 0, 0, 22, 0),
(900009, 5180, 6000, 0, 0, 5179, 0, 0, 30, 0),
(900009, 5186, 200, 0, 0, 5185, 0, 0, 8, 0),
(900009, 5187, 900, 0, 0, 5186, 0, 0, 14, 0),
(900009, 5188, 2000, 0, 0, 5187, 0, 0, 20, 0),
(900009, 5189, 4500, 0, 0, 5188, 0, 0, 26, 0),
(900009, 5195, 5000, 0, 0, 1062, 0, 0, 28, 0),
(900009, 5196, 12000, 0, 0, 5195, 0, 0, 38, 0),
(900009, 5201, 12000, 0, 0, 3029, 0, 0, 38, 0),
(900009, 5209, 5000, 0, 0, 0, 0, 0, 28, 0),
(900009, 5211, 900, 0, 0, 0, 0, 0, 14, 0),
(900009, 5215, 2000, 0, 0, 0, 0, 0, 20, 0),
(900009, 5217, 4000, 0, 0, 0, 0, 0, 24, 0),
(900009, 5221, 3000, 0, 0, 0, 0, 0, 22, 0),
(900009, 5225, 8000, 0, 0, 0, 0, 0, 32, 0),
(900009, 5229, 800, 0, 0, 0, 0, 0, 12, 0),
(900009, 5232, 300, 0, 0, 1126, 0, 0, 10, 0),
(900009, 5234, 6000, 0, 0, 6756, 0, 0, 30, 0),
(900009, 6756, 2000, 0, 0, 5232, 0, 0, 20, 0),
(900009, 6778, 8000, 0, 0, 5189, 0, 0, 32, 0),
(900009, 6780, 12000, 0, 0, 5180, 0, 0, 38, 0),
(900009, 6785, 8000, 0, 0, 0, 0, 0, 32, 0),
(900009, 6787, 16000, 0, 0, 6785, 0, 0, 42, 0),
(900009, 6793, 11000, 0, 0, 5217, 0, 0, 36, 0),
(900009, 6798, 6000, 0, 0, 5211, 0, 0, 30, 0),
(900009, 6800, 6000, 0, 0, 5221, 0, 0, 30, 0),
(900009, 6808, 1900, 0, 0, 6807, 0, 0, 18, 0),
(900009, 6809, 4500, 0, 0, 6808, 0, 0, 26, 0),
(900009, 8903, 12000, 0, 0, 6778, 0, 0, 38, 0),
(900009, 8905, 20000, 0, 0, 6780, 0, 0, 46, 0),
(900009, 8907, 14000, 0, 0, 5234, 0, 0, 40, 0),
(900009, 8910, 14000, 0, 0, 3627, 0, 0, 40, 0),
(900009, 8914, 10000, 0, 0, 1075, 0, 0, 34, 0),
(900009, 8918, 14000, 0, 0, 740, 0, 0, 40, 0),
(900009, 8921, 100, 0, 0, 0, 0, 0, 4, 0),
(900009, 8924, 300, 0, 0, 8921, 0, 0, 10, 0),
(900009, 8925, 1800, 0, 0, 8924, 0, 0, 16, 0),
(900009, 8926, 3000, 0, 0, 8925, 0, 0, 22, 0),
(900009, 8927, 5000, 0, 0, 8926, 0, 0, 28, 0),
(900009, 8928, 10000, 0, 0, 8927, 0, 0, 34, 0),
(900009, 8929, 14000, 0, 0, 8928, 0, 0, 40, 0),
(900009, 8936, 800, 0, 0, 0, 0, 0, 12, 0),
(900009, 8938, 1900, 0, 0, 8936, 0, 0, 18, 0),
(900009, 8939, 4000, 0, 0, 8938, 0, 0, 24, 0),
(900009, 8940, 6000, 0, 0, 8939, 0, 0, 30, 0),
(900009, 8941, 11000, 0, 0, 8940, 0, 0, 36, 0),
(900009, 8949, 4500, 0, 0, 2912, 0, 0, 26, 0),
(900009, 8950, 10000, 0, 0, 8949, 0, 0, 34, 0),
(900009, 8951, 16000, 0, 0, 8950, 0, 0, 42, 0),
(900009, 8955, 12000, 0, 0, 2908, 0, 0, 38, 0),
(900009, 8972, 10000, 0, 0, 6809, 0, 0, 34, 0),
(900009, 8983, 20000, 0, 0, 6798, 0, 0, 46, 0),
(900009, 8992, 12000, 0, 0, 6800, 0, 0, 38, 0),
(900009, 8998, 5000, 0, 0, 0, 0, 0, 28, 0),
(900009, 9000, 14000, 0, 0, 8998, 0, 0, 40, 0),
(900009, 9005, 11000, 0, 0, 0, 0, 0, 36, 0),
(900009, 9490, 8000, 0, 0, 1735, 0, 0, 32, 0),
(900009, 9492, 5000, 0, 0, 1079, 0, 0, 28, 0),
(900009, 9493, 11000, 0, 0, 9492, 0, 0, 36, 0),
(900009, 9634, 14000, 0, 0, 5487, 0, 0, 40, 0),
(900009, 9745, 16000, 0, 0, 8972, 0, 0, 42, 0),
(900009, 9747, 16000, 0, 0, 9490, 0, 0, 42, 0),
(900009, 9750, 16000, 0, 0, 8941, 0, 0, 42, 0),
(900009, 9752, 18000, 0, 0, 9493, 0, 0, 44, 0),
(900009, 9754, 18000, 0, 0, 769, 0, 0, 44, 0),
(900009, 9756, 18000, 0, 0, 8914, 0, 0, 44, 0),
(900009, 9758, 18000, 0, 0, 8903, 0, 0, 44, 0),
(900009, 9821, 20000, 0, 0, 1850, 0, 0, 46, 0),
(900009, 9823, 20000, 0, 0, 9005, 0, 0, 46, 0),
(900009, 9827, 30000, 0, 0, 9823, 0, 0, 56, 0),
(900009, 9829, 20000, 0, 0, 8992, 0, 0, 46, 0),
(900009, 9830, 28000, 0, 0, 9829, 0, 0, 54, 0),
(900009, 9833, 20000, 0, 0, 8929, 0, 0, 46, 0),
(900009, 9834, 26000, 0, 0, 9833, 0, 0, 52, 0),
(900009, 9835, 32000, 0, 0, 9834, 0, 0, 58, 0),
(900009, 9839, 20000, 0, 0, 8910, 0, 0, 46, 0),
(900009, 9840, 26000, 0, 0, 9839, 0, 0, 52, 0),
(900009, 9841, 32000, 0, 0, 9840, 0, 0, 58, 0),
(900009, 9845, 22000, 0, 0, 6793, 0, 0, 48, 0),
(900009, 9846, 34000, 0, 0, 9845, 0, 0, 60, 0),
(900009, 9849, 22000, 0, 0, 5201, 0, 0, 48, 0),
(900009, 9850, 32000, 0, 0, 9849, 0, 0, 58, 0),
(900009, 9852, 22000, 0, 0, 5196, 0, 0, 48, 0),
(900009, 9853, 32000, 0, 0, 9852, 0, 0, 58, 0),
(900009, 9856, 22000, 0, 0, 9750, 0, 0, 48, 0),
(900009, 9857, 28000, 0, 0, 9856, 0, 0, 54, 0),
(900009, 9858, 34000, 0, 0, 9857, 0, 0, 60, 0),
(900009, 9862, 23000, 0, 0, 8918, 0, 0, 50, 0),
(900009, 9863, 34000, 0, 0, 9862, 0, 0, 60, 0),
(900009, 9866, 23000, 0, 0, 6787, 0, 0, 50, 0),
(900009, 9867, 32000, 0, 0, 9866, 0, 0, 58, 0),
(900009, 9875, 23000, 0, 0, 8951, 0, 0, 50, 0),
(900009, 9876, 32000, 0, 0, 9875, 0, 0, 58, 0),
(900009, 9880, 23000, 0, 0, 9745, 0, 0, 50, 0),
(900009, 9881, 32000, 0, 0, 9880, 0, 0, 58, 0),
(900009, 9884, 23000, 0, 0, 8907, 0, 0, 50, 0),
(900009, 9885, 34000, 0, 0, 9884, 0, 0, 60, 0),
(900009, 9888, 23000, 0, 0, 9758, 0, 0, 50, 0),
(900009, 9889, 30000, 0, 0, 9888, 0, 0, 56, 0),
(900009, 9892, 26000, 0, 0, 9000, 0, 0, 52, 0),
(900009, 9894, 26000, 0, 0, 9752, 0, 0, 52, 0),
(900009, 9896, 34000, 0, 0, 9894, 0, 0, 60, 0),
(900009, 9898, 26000, 0, 0, 9747, 0, 0, 52, 0),
(900009, 9901, 28000, 0, 0, 8955, 0, 0, 54, 0),
(900009, 9904, 28000, 0, 0, 1824, 0, 0, 54, 0),
(900009, 9908, 28000, 0, 0, 9754, 0, 0, 54, 0),
(900009, 9910, 28000, 0, 0, 9756, 0, 0, 54, 0),
(900009, 9912, 28000, 0, 0, 8905, 0, 0, 54, 0),
(900009, 16689, 300, 0, 0, 339, 0, 0, 10, 0),
(900009, 16810, 1900, 0, 0, 16689, 1062, 0, 18, 0),
(900009, 16811, 5000, 0, 0, 16810, 5195, 0, 28, 0),
(900009, 16812, 12000, 0, 0, 16811, 5196, 0, 38, 0),
(900009, 16813, 22000, 0, 0, 16812, 9852, 0, 48, 0),
(900009, 16857, 1900, 0, 0, 0, 0, 0, 18, 0),
(900009, 16914, 14000, 0, 0, 0, 0, 0, 40, 0),
(900009, 17329, 32000, 0, 0, 16813, 9853, 0, 58, 0),
(900009, 17401, 23000, 0, 0, 16914, 0, 0, 50, 0),
(900009, 17402, 34000, 0, 0, 17401, 0, 0, 60, 0),
(900009, 18657, 12000, 0, 0, 2637, 0, 0, 38, 0),
(900009, 18658, 32000, 0, 0, 18657, 0, 0, 58, 0),
(900009, 20484, 2000, 0, 0, 0, 0, 0, 20, 0),
(900009, 20719, 14000, 0, 0, 0, 0, 0, 40, 0),
(900009, 20739, 6000, 0, 0, 20484, 0, 0, 30, 0),
(900009, 20742, 14000, 0, 0, 20739, 0, 0, 40, 0),
(900009, 20747, 23000, 0, 0, 20742, 0, 0, 50, 0),
(900009, 20748, 34000, 0, 0, 20747, 0, 0, 60, 0),
(900009, 21849, 23000, 0, 0, 0, 0, 0, 50, 0),
(900009, 21850, 34000, 0, 0, 21849, 0, 0, 60, 0),
(900009, 22568, 8000, 0, 0, 0, 0, 0, 32, 0),
(900009, 22570, 43000, 0, 0, 0, 0, 0, 62, 0),
(900009, 22812, 18000, 0, 0, 0, 0, 0, 44, 0),
(900009, 22827, 14000, 0, 0, 22568, 0, 0, 40, 0),
(900009, 22828, 22000, 0, 0, 22827, 0, 0, 48, 0),
(900009, 22829, 30000, 0, 0, 22828, 0, 0, 56, 0),
(900009, 22842, 11000, 0, 0, 0, 0, 0, 36, 0),
(900009, 24248, 48000, 0, 0, 31018, 0, 0, 63, 0),
(900009, 24974, 6000, 0, 0, 5570, 0, 0, 30, 0),
(900009, 24975, 14000, 0, 0, 24974, 0, 0, 40, 0),
(900009, 24976, 12000, 0, 0, 24975, 0, 0, 50, 0),
(900009, 24977, 34000, 0, 0, 24976, 0, 0, 60, 0),
(900009, 25297, 34000, 0, 0, 9889, 0, 0, 60, 0),
(900009, 25298, 34000, 0, 0, 9876, 0, 0, 60, 0),
(900009, 25299, 34000, 0, 0, 9841, 0, 0, 60, 0),
(900009, 26978, 43000, 0, 0, 25297, 0, 0, 62, 0),
(900009, 26979, 90000, 0, 0, 26978, 0, 0, 69, 0),
(900009, 26980, 59000, 0, 0, 9858, 0, 0, 65, 0),
(900009, 26981, 48000, 0, 0, 25299, 0, 0, 63, 0),
(900009, 26982, 90000, 0, 0, 26981, 0, 0, 69, 0),
(900009, 26983, 100000, 0, 0, 9863, 0, 0, 70, 0),
(900009, 26984, 39000, 0, 0, 9912, 0, 0, 61, 0),
(900009, 26985, 90000, 0, 0, 26984, 0, 0, 69, 0),
(900009, 26986, 73000, 0, 0, 25298, 0, 0, 67, 0),
(900009, 26987, 48000, 0, 0, 9835, 0, 0, 63, 0),
(900009, 26988, 100000, 0, 0, 26987, 0, 0, 70, 0),
(900009, 26989, 81000, 0, 0, 9853, 0, 0, 68, 0),
(900009, 26990, 100000, 0, 0, 9885, 0, 0, 70, 0),
(900009, 26991, 100000, 0, 0, 21850, 0, 0, 70, 0),
(900009, 26992, 53000, 0, 0, 9910, 0, 0, 64, 0),
(900009, 26994, 90000, 0, 0, 20748, 0, 0, 69, 0),
(900009, 26995, 100000, 0, 0, 9901, 0, 0, 70, 0),
(900009, 26996, 73000, 0, 0, 9881, 0, 0, 67, 0),
(900009, 26997, 53000, 0, 0, 9908, 0, 0, 64, 0),
(900009, 26998, 43000, 0, 0, 9898, 0, 0, 62, 0),
(900009, 27000, 73000, 0, 0, 9850, 0, 0, 67, 0),
(900009, 27001, 39000, 0, 0, 9830, 0, 0, 61, 0),
(900009, 27002, 100000, 0, 0, 27001, 0, 0, 70, 0),
(900009, 27003, 53000, 0, 0, 9904, 0, 0, 64, 0),
(900009, 27004, 90000, 0, 0, 31709, 0, 0, 69, 0),
(900009, 27005, 66000, 0, 0, 9867, 0, 0, 66, 0),
(900009, 27006, 66000, 0, 0, 9827, 0, 0, 66, 0),
(900009, 27008, 73000, 0, 0, 9896, 0, 0, 67, 0),
(900009, 27009, 81000, 0, 0, 17329, 26989, 0, 68, 0),
(900009, 27012, 100000, 0, 0, 17402, 0, 0, 70, 0),
(900009, 27013, 200000, 0, 0, 24977, 0, 0, 70, 0),
(900009, 29166, 14000, 0, 0, 0, 0, 0, 40, 0),
(900009, 31018, 30000, 0, 0, 22829, 0, 0, 60, 0),
(900009, 31709, 34000, 0, 0, 9892, 0, 0, 60, 0),
(900009, 33357, 59000, 0, 0, 9821, 0, 0, 65, 0),
(900009, 33745, 66000, 0, 0, 0, 0, 0, 66, 0),
(900009, 33763, 53000, 0, 0, 0, 0, 0, 64, 0),
(900009, 33786, 100000, 0, 0, 0, 0, 0, 70, 0),
(900009, 33950, 34000, 0, 0, 33391, 0, 0, 60, 0),
(900009, 33982, 1700, 0, 0, 33876, 0, 0, 58, 0),
(900009, 33983, 1700, 0, 0, 33982, 0, 0, 68, 0),
(900009, 33986, 1700, 0, 0, 33878, 0, 0, 58, 0),
(900009, 33987, 1900, 0, 0, 33986, 0, 0, 68, 0),
(900009, 40120, 200000, 762, 300, 33943, 0, 0, 71, 0),
(900009, 48377, 200000, 0, 0, 26979, 0, 0, 74, 0),
(900009, 48378, 200000, 0, 0, 48377, 0, 0, 79, 0),
(900009, 48440, 200000, 0, 0, 26982, 0, 0, 75, 0),
(900009, 48441, 200000, 0, 0, 48440, 0, 0, 80, 0),
(900009, 48442, 200000, 0, 0, 26980, 0, 0, 71, 0),
(900009, 48443, 200000, 0, 0, 48442, 0, 0, 77, 0),
(900009, 48446, 200000, 0, 0, 26983, 0, 0, 75, 0),
(900009, 48447, 200000, 0, 0, 48446, 0, 0, 80, 0),
(900009, 48450, 200000, 0, 0, 33763, 0, 0, 72, 0),
(900009, 48451, 200000, 0, 0, 48450, 0, 0, 80, 0),
(900009, 48459, 200000, 0, 0, 26985, 0, 0, 74, 0),
(900009, 48461, 200000, 0, 0, 48459, 0, 0, 79, 0),
(900009, 48462, 200000, 0, 0, 26988, 0, 0, 75, 0),
(900009, 48463, 200000, 0, 0, 48462, 0, 0, 80, 0),
(900009, 48464, 200000, 0, 0, 26986, 0, 0, 72, 0),
(900009, 48465, 200000, 0, 0, 48464, 0, 0, 78, 0),
(900009, 48467, 200000, 0, 0, 27012, 0, 0, 80, 0),
(900009, 48468, 200000, 0, 0, 27013, 0, 0, 80, 0),
(900009, 48469, 200000, 0, 0, 26990, 0, 0, 80, 0),
(900009, 48470, 200000, 0, 0, 26991, 0, 0, 80, 0),
(900009, 48477, 200000, 0, 0, 26994, 0, 0, 79, 0),
(900009, 48479, 200000, 0, 0, 26996, 0, 0, 73, 0),
(900009, 48480, 200000, 0, 0, 48479, 0, 0, 79, 0),
(900009, 48559, 200000, 0, 0, 26998, 0, 0, 71, 0),
(900009, 48560, 200000, 0, 0, 48559, 0, 0, 77, 0),
(900009, 48561, 200000, 0, 0, 26997, 0, 0, 72, 0),
(900009, 48562, 200000, 0, 0, 48561, 0, 0, 77, 0),
(900009, 48563, 10000, 0, 0, 33987, 0, 0, 75, 0),
(900009, 48564, 10000, 0, 0, 48563, 0, 0, 80, 0),
(900009, 48565, 10000, 0, 0, 33983, 0, 0, 75, 0),
(900009, 48566, 10000, 0, 0, 48565, 0, 0, 80, 0),
(900009, 48567, 200000, 0, 0, 33745, 0, 0, 73, 0),
(900009, 48568, 200000, 0, 0, 48567, 0, 0, 80, 0),
(900009, 48569, 200000, 0, 0, 27000, 0, 0, 73, 0),
(900009, 48570, 200000, 0, 0, 48569, 0, 0, 79, 0),
(900009, 48571, 200000, 0, 0, 27002, 0, 0, 75, 0),
(900009, 48572, 200000, 0, 0, 48571, 0, 0, 80, 0),
(900009, 48573, 200000, 0, 0, 27003, 0, 0, 72, 0),
(900009, 48574, 200000, 0, 0, 48573, 0, 0, 78, 0),
(900009, 48575, 200000, 0, 0, 27004, 0, 0, 76, 0),
(900009, 48576, 200000, 0, 0, 24248, 0, 0, 72, 0),
(900009, 48577, 200000, 0, 0, 48576, 0, 0, 78, 0),
(900009, 48578, 200000, 0, 0, 27005, 0, 0, 73, 0),
(900009, 48579, 200000, 0, 0, 48578, 0, 0, 79, 0),
(900009, 49799, 200000, 0, 0, 27008, 0, 0, 71, 0),
(900009, 49800, 200000, 0, 0, 49799, 0, 0, 80, 0),
(900009, 49802, 200000, 0, 0, 22570, 0, 0, 74, 0),
(900009, 49803, 200000, 0, 0, 27006, 0, 0, 77, 0),
(900009, 50212, 200000, 0, 0, 9846, 0, 0, 71, 0),
(900009, 50213, 200000, 0, 0, 50212, 0, 0, 79, 0),
(900009, 50464, 200000, 0, 0, 0, 0, 0, 80, 0),
(900009, 50763, 200000, 0, 0, 50764, 0, 0, 80, 0),
(900009, 50764, 90000, 0, 0, 50765, 0, 0, 69, 0),
(900009, 50765, 34000, 0, 0, 50766, 0, 0, 60, 0),
(900009, 50766, 22000, 0, 0, 50767, 0, 0, 48, 0),
(900009, 50767, 11000, 0, 0, 50768, 0, 0, 36, 0),
(900009, 50768, 4000, 0, 0, 50769, 0, 0, 24, 0),
(900009, 50769, 800, 0, 0, 0, 0, 0, 12, 0),
(900009, 52610, 200000, 0, 0, 0, 0, 0, 75, 0),
(900009, 53199, 10000, 0, 0, 48505, 0, 0, 70, 0),
(900009, 53200, 10000, 0, 0, 53199, 0, 0, 75, 0),
(900009, 53201, 10000, 0, 0, 53200, 0, 0, 80, 0),
(900009, 53223, 600, 0, 0, 50516, 0, 0, 60, 0),
(900009, 53225, 1700, 0, 0, 53223, 0, 0, 70, 0),
(900009, 53226, 10000, 0, 0, 53225, 0, 0, 75, 0),
(900009, 53248, 1700, 0, 0, 48438, 0, 0, 70, 0),
(900009, 53249, 10000, 0, 0, 53248, 0, 0, 75, 0),
(900009, 53251, 10000, 0, 0, 53249, 0, 0, 80, 0),
(900009, 53307, 200000, 0, 0, 26992, 0, 0, 74, 0),
(900009, 53308, 200000, 0, 0, 26989, 0, 0, 78, 0),
(900009, 53312, 200000, 0, 0, 27009, 53308, 0, 78, 0),
(900009, 61384, 10000, 0, 0, 53226, 0, 0, 80, 0),
(900009, 62078, 200000, 0, 0, 0, 0, 0, 71, 0),
(900009, 62600, 4500, 0, 0, 0, 0, 0, 40, 0),
(900009, 467, 100, 0, 0, 0, 0, 0, 6, 0),
(900009, 774, 100, 0, 0, 0, 0, 0, 4, 0),
(900009, 1126, 10, 0, 0, 0, 0, 0, 1, 0),
(900009, 5177, 100, 0, 0, 5176, 0, 0, 6, 0),
(900009, 8921, 100, 0, 0, 0, 0, 0, 4, 0);

REPLACE INTO trainer_spell (trainerid, spellid, reqlevel) VALUES
(900000, 71, 10),    -- warrior      = defensive stance
(900000, 355, 10),   -- warrior      = taunt
(900008, 688, 10),   -- warlock      = summon imp
(900008, 691, 30),   -- warlock      = summon felhunter
(900008, 697, 10),   -- warlock      = summon voidwalker
(900008, 712, 20),   -- warlock      = summon succubus
(900002, 883, 10),   -- hunter       = call pet
(900002, 982, 10),   -- hunter       = revive pet
(900008, 1122, 50),  -- warlock      = summon infernal
(900009, 1446, 10),  -- druid        = aquatic form
(900002, 1515, 10),  -- hunter       = tame beast
(900000, 2458, 30),  -- warrior      = berserker stance
(900002, 2641, 10),  -- hunter       = dismiss pet
(900006, 3599, 10),  -- shaman       = searing totem
(900006, 5394, 20),  -- shaman       = healing stream totem
(900009, 5487, 10),  -- druid        = bear form
(900009, 6795, 10),  -- druid        = growl
(900009, 6807, 12),  -- druid        = maul
(900002, 6991, 10),  -- hunter       = feed pet
(900001, 7328, 12),  -- paladin      = redemption
(900000, 7386, 10),  -- warrior      = sunden armor
(900006, 8071, 4),   -- shaman       = stoneskin totem
(900009, 8947, 10),  -- druid        = cure poison
(900008, 18540, 60), -- warlock      = ritual of doom
(900007, 28271, 60), -- mage         = polymorph turtle
(900007, 28272, 60), -- mage         = polymorph pig
(900005, 48778, 80), -- death knight = acherus deathcharger (horse)
(900005, 50977, 80), -- death knight = death gate
(900005, 53428, 80), -- death knight = runeforging
(900007, 61024, 80), -- mage         = dalaran intellect
(900007, 61305, 60), -- mage         = polymorph black cat
(900007, 61316, 80), -- mage         = dalaran brilliance
(900007, 61721, 60), -- mage         = polymorph rabbit
(900007, 61780, 60); -- mage         = polymorph turkey

REPLACE INTO `creature_template` (entry,modelid1,name,subname,minlevel,maxlevel,faction,npcflag,scale,unit_class,type) VALUES
(900011,30790,'Riding Trainer','Server Trainer',80,80,35,16,1,2,7);

REPLACE INTO trainer (id, type, greeting) VALUES
(900011, 2, "Hello!  Can I teach you something?");

REPLACE INTO creature_default_trainer (creatureid, trainerid) VALUES
(900011, 900011);

REPLACE INTO trainer_spell (trainerid, spellid, moneycost, reqskillline, reqskillrank, reqability1, reqability2, reqability3, reqlevel, verifiedbuild) VALUES
(900011, 33388, 40000, 762, 0, 0, 0, 0, 20, 0),        	 	-- Apprentice Riding
(900011, 33391, 500000, 762, 75, 33388, 0, 0, 40, 0), 	 	-- Journeyman Riding
(900011, 34090, 2500000, 762, 150, 33391, 0, 0, 60, 0),  	-- Expert Riding
(900011, 34091, 50000000, 762, 225, 34090, 0, 0, 70, 0),  -- Artisan Riding 
(900011, 54197, 10000000, 762, 225, 0, 0, 0, 77, 0); 			-- Cold Weather Flying  




REPLACE INTO `creature_template` (entry,modelid1,name,subname,minlevel,maxlevel,faction,npcflag,scale,unit_class,type) VALUES
(900012,30790,'Weapons Trainer','Server Trainer',80,80,35,16,1,2,7);

REPLACE INTO trainer (id, type, greeting) VALUES
(900012, 2, "Hello!  Ready for some training?");

REPLACE INTO creature_default_trainer (creatureid, trainerid) VALUES
(900012, 900012);

REPLACE INTO trainer_spell (trainerid, spellid, moneycost, reqskillline, reqskillrank, reqability1, reqability2, reqability3, reqlevel, verifiedbuild) VALUES
(900012, 196, 1000, 0, 0, 0, 0, 0, 0, 0),   -- One-Handed Axe
(900012, 197, 1000, 0, 0, 0, 0, 0, 0, 0),   -- Two-Handed Axe
(900012, 198, 1000, 0, 0, 0, 0, 0, 0, 0),   -- One-Handed Mace
(900012, 199, 1000, 0, 0, 0, 0, 0, 0, 0),   -- Two-Handed Mace
(900012, 200, 10000, 0, 0, 0, 0, 0, 0, 0),   -- Polearm
(900012, 201, 1000, 0, 0, 0, 0, 0, 0, 0),   -- One-Handed Sword
(900012, 202, 1000, 0, 0, 0, 0, 0, 0, 0),   -- Two-Handed Sword
(900012, 227, 1000, 0, 0, 0, 0, 0, 0, 0),   -- Stave
(900012, 264, 1000, 0, 0, 0, 0, 0, 0, 0),   -- Bow
(900012, 266, 1000, 0, 0, 0, 0, 0, 0, 0),   -- Gun
(900012, 1180, 1000, 0, 0, 0, 0, 0, 0, 0),  -- Dagger
(900012, 2567, 1000, 0, 0, 0, 0, 0, 0, 0),  -- Thrown
(900012, 5011, 1000, 0, 0, 0, 0, 0, 0, 0),  -- Crossbow
(900012, 15590, 1000, 0, 0, 0, 0, 0, 0, 0); -- Fist


